,job_title,rating,size,owner_type,industry,sector,revenue,avg_salary,python,r_language,spark,aws,excel,city,tool_count,state,latitude,longitude,name
0,Senior Data Engineer,3.2,1001 to 5000 employees,Company - Private,Advertising & Marketing,Business Services,$1 to $2 billion (USD),134.0,0,0,1,1,0,Charlotte,2,NC,35.759573,-79.0193,North Carolina
1,Data Scientist,2.5,1001 to 5000 employees,Company - Public,Advertising & Marketing,Business Services,$1 to $2 billion (USD),96.5,1,0,1,0,0,Portland,2,OR,43.804133,-120.554201,Oregon
2,Data Scientist,3.3,1001 to 5000 employees,Company - Private,Aerospace & Defense,Aerospace & Defense,$1 to $2 billion (USD),110.0,1,0,0,0,1,Chantilly,2,VA,37.431573,-78.656894,Virginia
3,Big Data Engineer,3.3,1001 to 5000 employees,Company - Private,Aerospace & Defense,Aerospace & Defense,$1 to $2 billion (USD),118.5,1,0,1,0,0,Chantilly,2,VA,37.431573,-78.656894,Virginia
4,Data Scientist,4.5,5001 to 10000 employees,Nonprofit Organization,Aerospace & Defense,Aerospace & Defense,$1 to $2 billion (USD),130.0,1,0,0,0,1,Laurel,2,MD,39.045755,-76.641271,Maryland
5,Corporate Risk Data Analyst (SQL Based) - Milwaukee or,3.8,1001 to 5000 employees,Company - Public,Banks & Credit Unions,Finance,$1 to $2 billion (USD),60.0,0,0,0,1,1,Green Bay,2,WI,43.78444,-88.787868,Wisconsin
6,Senior Data Scientist,3.5,5001 to 10000 employees,Company - Public,Biotech & Pharmaceuticals,Biotech & Pharmaceuticals,$1 to $2 billion (USD),147.5,1,0,0,0,1,Fremont,2,CA,36.778261,-119.417932,California
7,Data Scientist,3.5,5001 to 10000 employees,Company - Public,Biotech & Pharmaceuticals,Biotech & Pharmaceuticals,$1 to $2 billion (USD),75.5,1,0,0,0,1,Albuquerque,2,NM,34.97273,-105.032363,New Mexico
8,Senior Scientist - Neuroscience,3.5,1001 to 5000 employees,Company - Private,Biotech & Pharmaceuticals,Biotech & Pharmaceuticals,$1 to $2 billion (USD),145.0,1,0,0,0,1,Marlborough,2,MA,42.407211,-71.382437,Massachusetts
9,Senior Data Scientist,3.5,5001 to 10000 employees,Company - Public,Biotech & Pharmaceuticals,Biotech & Pharmaceuticals,$1 to $2 billion (USD),133.5,1,0,0,0,1,Arvada,2,CO,39.550051,-105.782067,Colorado
10,Senior Scientist (Neuroscience),3.5,1001 to 5000 employees,Company - Private,Biotech & Pharmaceuticals,Biotech & Pharmaceuticals,$1 to $2 billion (USD),154.5,1,0,0,0,1,Marlborough,2,MA,42.407211,-71.382437,Massachusetts
11,Senior Quantitative Analyst,3.3,1001 to 5000 employees,Company - Private,Brokerage Services,Finance,$1 to $2 billion (USD),173.0,1,0,0,0,1,Jersey City,2,NJ,40.058324,-74.405661,New Jersey
12,Product Engineer – Data Science,3.5,1001 to 5000 employees,Company - Private,Computer Hardware & Software,Information Technology,$1 to $2 billion (USD),82.0,1,0,0,0,0,Arlington,1,VA,37.431573,-78.656894,Virginia
13,Senior Data Engineer,4.3,5001 to 10000 employees,Company - Private,Computer Hardware & Software,Information Technology,$1 to $2 billion (USD),112.5,1,0,1,1,0,Durham,3,NC,35.759573,-79.0193,North Carolina
14,Data Scientist,3.5,1001 to 5000 employees,Company - Private,Computer Hardware & Software,Information Technology,$1 to $2 billion (USD),107.0,1,0,1,1,0,Redlands,3,CA,36.778261,-119.417932,California
15,Software Engineer (Data Scientist/Software Engineer) - SISW - MG,4.1,5001 to 10000 employees,Company - Public,Computer Hardware & Software,Information Technology,$1 to $2 billion (USD),107.0,1,0,0,0,1,Fremont,2,CA,36.778261,-119.417932,California
16,Product Engineer – Spatial Data Science and Statistical Analysis,3.5,1001 to 5000 employees,Company - Private,Computer Hardware & Software,Information Technology,$1 to $2 billion (USD),68.5,1,0,1,0,1,Redlands,3,CA,36.778261,-119.417932,California
17,Senior Data Scientist,4.4,1001 to 5000 employees,Company - Private,Computer Hardware & Software,Information Technology,$1 to $2 billion (USD),139.5,1,0,0,0,0,Natick,1,MA,42.407211,-71.382437,Massachusetts
18,Associate Scientist,2.9,1001 to 5000 employees,Company - Private,Consumer Products Manufacturing,Manufacturing,$1 to $2 billion (USD),81.5,0,0,0,0,1,Valencia,1,CA,36.778261,-119.417932,California
19,Excel / VBA / SQL Data Analyst,4.1,501 to 1000 employees,Company - Private,Energy,"Oil, Gas, Energy & Utilities",$1 to $2 billion (USD),61.0,0,0,0,0,1,Springfield,1,MO,37.964253,-91.831833,Missouri
20,Senior Data Science Systems Engineer,3.2,5001 to 10000 employees,Nonprofit Organization,Federal Agencies,Government,$1 to $2 billion (USD),77.5,0,0,0,0,0,Hampton,0,VA,37.431573,-78.656894,Virginia
21,Data Scientist,3.2,5001 to 10000 employees,Nonprofit Organization,Federal Agencies,Government,$1 to $2 billion (USD),97.5,1,0,0,0,1,McLean,2,VA,37.431573,-78.656894,Virginia
22,Data Scientist - Systems Engineering,3.2,5001 to 10000 employees,Nonprofit Organization,Federal Agencies,Government,$1 to $2 billion (USD),69.5,1,0,0,0,1,Bedford,2,MA,42.407211,-71.382437,Massachusetts
23,Associate Data Scientist/Computer Scientist,3.2,5001 to 10000 employees,Nonprofit Organization,Federal Agencies,Government,$1 to $2 billion (USD),81.5,1,0,1,0,0,McLean,2,VA,37.431573,-78.656894,Virginia
24,Jr. Data Scientist,3.2,5001 to 10000 employees,Nonprofit Organization,Federal Agencies,Government,$1 to $2 billion (USD),106.5,1,0,1,0,1,McLean,3,VA,37.431573,-78.656894,Virginia
25,Senior Insurance Data Scientist,3.9,5001 to 10000 employees,Company - Public,Financial Analytics & Research,Finance,$1 to $2 billion (USD),140.0,1,0,0,0,1,Chicago,2,IL,40.633125,-89.398528,Illinois
26,Insurance Data Scientist,3.9,5001 to 10000 employees,Company - Public,Financial Analytics & Research,Finance,$1 to $2 billion (USD),85.0,1,0,1,0,0,Atlanta,2,GA,32.157435,-82.907123,Georgia
27,Data Engineer,3.7,10000+ employees,Nonprofit Organization,Health Care Services & Hospitals,Health Care,$1 to $2 billion (USD),81.0,0,0,0,0,1,Roanoke,1,VA,37.431573,-78.656894,Virginia
28,Data Engineer,3.4,501 to 1000 employees,Company - Private,IT Services,Information Technology,$1 to $2 billion (USD),80.0,1,0,1,0,1,Houston,3,TX,31.968599,-99.901813,Texas
29,Data Engineer I - Azure,3.9,1001 to 5000 employees,Company - Private,Industrial Manufacturing,Manufacturing,$1 to $2 billion (USD),77.5,0,0,0,0,1,Pella,1,IA,41.878003,-93.097702,Iowa
30,Senior Research Statistician- Data Scientist,4.8,1001 to 5000 employees,Company - Private,Insurance Carriers,Insurance,$1 to $2 billion (USD),100.5,0,0,0,0,0,Sheboygan,0,WI,43.78444,-88.787868,Wisconsin
31,Sr. Data Scientist II,3.4,1001 to 5000 employees,Company - Public,Insurance Carriers,Insurance,$1 to $2 billion (USD),147.0,1,0,1,1,0,New York,3,NY,43.299428,-74.217933,New York
32,Data Scientist,3.1,1001 to 5000 employees,Company - Private,Mining,Mining & Metals,$1 to $2 billion (USD),98.0,1,0,0,0,0,Pittsburgh,1,PA,41.203322,-77.194525,Pennsylvania
33,Data Scientist,3.5,501 to 1000 employees,Company - Private,Other Retail Stores,Retail,$1 to $2 billion (USD),163.5,1,0,0,0,0,San Jose,1,CA,36.778261,-119.417932,California
34,Data Scientist,3.4,201 to 500 employees,Company - Public,Real Estate,Real Estate,$1 to $2 billion (USD),95.0,1,0,0,1,1,Dallas,3,TX,31.968599,-99.901813,Texas
35,Data Engineer,4.1,5001 to 10000 employees,Company - Public,Research & Development,Business Services,$1 to $2 billion (USD),92.0,0,0,0,0,0,Herndon,0,VA,37.431573,-78.656894,Virginia
36,Data Scientist,4.1,5001 to 10000 employees,Company - Public,Research & Development,Business Services,$1 to $2 billion (USD),85.0,0,0,0,0,0,Chantilly,0,VA,37.431573,-78.656894,Virginia
37,Clinical Data Analyst,4.1,5001 to 10000 employees,Company - Public,Research & Development,Business Services,$1 to $2 billion (USD),70.5,0,0,0,0,0,Portsmouth,0,VA,37.431573,-78.656894,Virginia
38,Data Scientist,2.8,1001 to 5000 employees,Company - Public,Wholesale,Business Services,$1 to $2 billion (USD),76.5,1,0,0,0,1,Carle Place,2,NY,43.299428,-74.217933,New York
39,"Scientist I/II, Biology",3.9,51 to 200 employees,Company - Public,Biotech & Pharmaceuticals,Biotech & Pharmaceuticals,$1 to $5 million (USD),102.0,0,0,0,0,1,Cambridge,1,MA,42.407211,-71.382437,Massachusetts
40,Principal Data Scientist (Computational Chemistry),4.7,51 to 200 employees,Company - Private,Biotech & Pharmaceuticals,Biotech & Pharmaceuticals,$1 to $5 million (USD),140.5,1,0,0,1,0,Salt Lake City,2,UT,39.32098,-111.093731,Utah
41,Data Scientist,2.8,51 to 200 employees,Company - Private,Biotech & Pharmaceuticals,Biotech & Pharmaceuticals,$1 to $5 million (USD),118.0,1,0,0,0,1,Framingham,2,MA,42.407211,-71.382437,Massachusetts
42,Data Scientist,3.9,51 to 200 employees,Company - Private,Health Care Services & Hospitals,Health Care,$1 to $5 million (USD),124.0,1,0,0,0,0,San Francisco,1,CA,36.778261,-119.417932,California
43,Lead Data Engineer (Python),4.7,51 to 200 employees,Company - Private,Staffing & Outsourcing,Business Services,$1 to $5 million (USD),94.5,1,0,0,1,0,San Francisco,2,CA,36.778261,-119.417932,California
44,Data Scientist,3.4,51 to 200 employees,Company - Private,Advertising & Marketing,Business Services,$10 to $25 million (USD),87.5,0,0,0,0,0,Chicago,0,IL,40.633125,-89.398528,Illinois
45,Data Scientist,5.0,51 to 200 employees,Company - Private,Aerospace & Defense,Aerospace & Defense,$10 to $25 million (USD),101.0,1,0,0,0,0,Springfield,1,VA,37.431573,-78.656894,Virginia
46,Associate Environmental Scientist - Wildlife Biologist,4.7,51 to 200 employees,Company - Private,Architectural & Engineering Services,Business Services,$10 to $25 million (USD),51.0,0,0,0,0,1,Clovis,1,CA,36.778261,-119.417932,California
47,"Clinical Scientist, Clinical Development",3.8,51 to 200 employees,Company - Private,Biotech & Pharmaceuticals,Biotech & Pharmaceuticals,$10 to $25 million (USD),37.0,0,0,0,0,1,Watertown,1,MA,42.407211,-71.382437,Massachusetts
48,Research Scientist,1.9,51 to 200 employees,Company - Private,Biotech & Pharmaceuticals,Biotech & Pharmaceuticals,$10 to $25 million (USD),87.5,0,0,0,1,0,Cambridge,1,MA,42.407211,-71.382437,Massachusetts
49,Data Analyst,4.3,51 to 200 employees,Company - Private,Computer Hardware & Software,Information Technology,$10 to $25 million (USD),77.5,0,0,0,0,1,Chicago,1,IL,40.633125,-89.398528,Illinois
50,Senior Data Engineer,3.9,51 to 200 employees,Company - Public,Computer Hardware & Software,Information Technology,$10 to $25 million (USD),139.0,1,0,0,1,1,San Francisco,3,CA,36.778261,-119.417932,California
51,Data Engineer,4.3,51 to 200 employees,Company - Private,Computer Hardware & Software,Information Technology,$10 to $25 million (USD),100.0,0,0,1,0,1,Chicago,2,IL,40.633125,-89.398528,Illinois
52,CONSULTANT– DATA ANALYTICS GROUP,4.2,51 to 200 employees,Company - Private,Consulting,Business Services,$10 to $25 million (USD),52.5,1,0,0,0,0,San Diego,1,CA,36.778261,-119.417932,California
53,Data Scientist,4.3,201 to 500 employees,Company - Private,Consulting,Business Services,$10 to $25 million (USD),115.0,1,0,1,1,0,New York,3,NY,43.299428,-74.217933,New York
54,Data Scientist,3.4,51 to 200 employees,Company - Private,Consulting,Business Services,$10 to $25 million (USD),96.5,1,0,0,0,0,Washington,1,DC,38.905985,-77.033418,District of Columbia
55,Data Scientist,3.4,51 to 200 employees,Company - Private,Consulting,Business Services,$10 to $25 million (USD),96.5,1,0,0,0,0,Washington,1,DC,38.942142,-77.025955,District of Columbia
56,Data Analyst,3.6,1 to 50 employees,Company - Private,Health Care Services & Hospitals,Health Care,$10 to $25 million (USD),66.0,0,0,0,0,1,New York,1,NY,43.299428,-74.217933,New York
57,Data Modeler,4.7,51 to 200 employees,Company - Private,IT Services,Information Technology,$10 to $25 million (USD),106.5,0,0,0,0,0,Landover,0,MD,39.045755,-76.641271,Maryland
58,Senior Data Scientist,3.3,1001 to 5000 employees,Company - Private,Insurance Carriers,Insurance,$10 to $25 million (USD),98.5,0,0,0,0,1,Woodbridge,1,NJ,40.058324,-74.405661,New Jersey
59,Data Scientist,3.9,51 to 200 employees,Company - Private,Insurance Carriers,Insurance,$10 to $25 million (USD),108.0,1,0,1,0,0,Oakland,2,CA,36.778261,-119.417932,California
60,Staff Machine Learning Engineer,3.9,201 to 500 employees,Company - Private,Internet,Information Technology,$10 to $25 million (USD),181.0,1,0,1,0,0,San Francisco,2,CA,36.778261,-119.417932,California
61,Manager of Data Science,3.9,201 to 500 employees,Company - Private,Internet,Information Technology,$10 to $25 million (USD),63.5,1,0,1,0,0,San Francisco,2,CA,36.778261,-119.417932,California
62,Lead Data Analyst,3.9,201 to 500 employees,Company - Private,Internet,Information Technology,$10 to $25 million (USD),47.0,0,0,1,0,0,New York,1,NY,43.299428,-74.217933,New York
63,Senior Data Engineer,3.9,201 to 500 employees,Company - Private,Internet,Information Technology,$10 to $25 million (USD),136.5,0,0,0,0,0,San Francisco,0,CA,36.778261,-119.417932,California
64,Data Scientist,4.3,51 to 200 employees,Nonprofit Organization,Logistics & Supply Chain,Transportation & Logistics,$10 to $25 million (USD),84.0,1,0,0,0,1,Louisville,2,KY,37.839333,-84.270018,Kentucky
65,Senior Data Engineer,4.7,51 to 200 employees,Company - Private,Security Services,Business Services,$10 to $25 million (USD),138.5,1,0,1,0,0,Austin,2,TX,31.968599,-99.901813,Texas
66,Data Scientist,3.7,10000+ employees,Company - Public,Aerospace & Defense,Aerospace & Defense,$10+ billion (USD),109.5,0,0,0,0,1,San Diego,1,CA,36.778261,-119.417932,California
67,Principal Data Scientist,3.7,10000+ employees,Company - Public,Aerospace & Defense,Aerospace & Defense,$10+ billion (USD),173.0,1,0,0,0,0,San Jose,1,CA,36.778261,-119.417932,California
68,Software Engineer Staff Scientist: Human Language Technologies,3.7,10000+ employees,Company - Public,Aerospace & Defense,Aerospace & Defense,$10+ billion (USD),99.0,1,0,0,0,0,Cambridge,1,MD,39.045755,-76.641271,Maryland
69,Data Scientist,3.7,10000+ employees,Company - Public,Aerospace & Defense,Aerospace & Defense,$10+ billion (USD),89.0,1,0,1,0,1,Herndon,3,VA,37.431573,-78.656894,Virginia
70,Data Scientist,3.4,10000+ employees,Company - Public,Aerospace & Defense,Aerospace & Defense,$10+ billion (USD),101.5,1,0,0,1,0,Springfield,2,VA,37.431573,-78.656894,Virginia
71,Systems Engineer II - Data Analyst,3.7,10000+ employees,Company - Public,Aerospace & Defense,Aerospace & Defense,$10+ billion (USD),62.5,0,0,0,0,1,Huntsville,1,AL,32.318231,-86.902298,Alabama
72,"Associate, Data Science, Internal Audit",3.1,10000+ employees,Company - Private,Banks & Credit Unions,Finance,$10+ billion (USD),62.5,1,0,0,0,1,Boston,2,MA,42.407211,-71.382437,Massachusetts
73,Senior Data Scientist - R&D Oncology,3.9,10000+ employees,Company - Public,Biotech & Pharmaceuticals,Biotech & Pharmaceuticals,$10+ billion (USD),137.0,1,0,0,0,0,New York,1,NY,43.299428,-74.217933,New York
74,"Sr Expert Data Science, Advanced Visual Analytics (Associate level)",3.8,10000+ employees,Company - Public,Biotech & Pharmaceuticals,Biotech & Pharmaceuticals,$10+ billion (USD),106.5,1,0,0,0,0,Cambridge,1,MA,42.407211,-71.382437,Massachusetts
75,"Data Engineer, Data Engineering and Artifical Intelligence",3.7,10000+ employees,Company - Public,Biotech & Pharmaceuticals,Biotech & Pharmaceuticals,$10+ billion (USD),102.5,1,0,1,1,1,Cambridge,4,MA,42.407211,-71.382437,Massachusetts
76,"Associate Scientist/Scientist, Process Analytical Technology - Small Molecule Analytical Chemistry",3.9,10000+ employees,Subsidiary or Business Segment,Biotech & Pharmaceuticals,Biotech & Pharmaceuticals,$10+ billion (USD),125.0,0,0,0,0,1,South San Francisco,1,CA,36.778261,-119.417932,California
77,"Director, Precision Medicine Clinical Biomarker Scientist",4.0,10000+ employees,Company - Public,Biotech & Pharmaceuticals,Biotech & Pharmaceuticals,$10+ billion (USD),172.0,0,0,0,1,0,Cambridge,1,MA,42.407211,-71.382437,Massachusetts
78,"Associate Director, Platform and DevOps- Data Engineering and Aritifical Intelligence",3.7,10000+ employees,Company - Public,Biotech & Pharmaceuticals,Biotech & Pharmaceuticals,$10+ billion (USD),154.5,0,0,1,1,1,Cambridge,3,MA,42.407211,-71.382437,Massachusetts
79,Data Scientist / Machine Learning Expert,3.8,10000+ employees,Company - Public,Biotech & Pharmaceuticals,Biotech & Pharmaceuticals,$10+ billion (USD),114.5,1,0,0,0,0,Cambridge,1,MA,42.407211,-71.382437,Massachusetts
80,Data Scientist,3.7,10000+ employees,Company - Public,Biotech & Pharmaceuticals,Biotech & Pharmaceuticals,$10+ billion (USD),113.5,1,0,1,0,0,Cambridge,2,MA,42.407211,-71.382437,Massachusetts
81,"Sr Scientist, Immuno-Oncology - Oncology",3.9,10000+ employees,Company - Public,Biotech & Pharmaceuticals,Biotech & Pharmaceuticals,$10+ billion (USD),84.5,0,0,0,1,0,Cambridge,1,MA,42.407211,-71.382437,Massachusetts
82,Pricipal Scientist Molecular and cellular biologist,3.7,10000+ employees,Company - Public,Biotech & Pharmaceuticals,Biotech & Pharmaceuticals,$10+ billion (USD),76.5,0,0,0,0,1,Boston,1,MA,42.407211,-71.382437,Massachusetts
83,Data Scientist in Translational Medicine,3.8,10000+ employees,Company - Public,Biotech & Pharmaceuticals,Biotech & Pharmaceuticals,$10+ billion (USD),114.5,0,0,0,0,0,Cambridge,0,MA,42.407211,-71.382437,Massachusetts
84,Sr. Scientist - Digital & Image Analysis/Computational Pathology,3.7,10000+ employees,Company - Public,Biotech & Pharmaceuticals,Biotech & Pharmaceuticals,$10+ billion (USD),151.5,0,0,0,0,1,San Diego,1,CA,36.778261,-119.417932,California
85,Senior Data Scientist: Causal & Predictive analytics AI Innovation Lab,3.8,10000+ employees,Company - Public,Biotech & Pharmaceuticals,Biotech & Pharmaceuticals,$10+ billion (USD),121.0,0,0,0,0,0,Cambridge,0,MA,42.407211,-71.382437,Massachusetts
86,"Associate Principal Scientist, Pharmacogenomics",3.9,10000+ employees,Company - Public,Biotech & Pharmaceuticals,Biotech & Pharmaceuticals,$10+ billion (USD),95.0,0,0,0,0,0,Gaithersburg,0,MD,39.045755,-76.641271,Maryland
87,Clinical Data Scientist,4.0,10000+ employees,Company - Public,Biotech & Pharmaceuticals,Biotech & Pharmaceuticals,$10+ billion (USD),84.0,0,0,0,1,1,Groton,2,CT,41.603221,-73.087749,Connecticut
88,"Senior Manager, Epidemiologic Data Scientist",4.0,10000+ employees,Company - Public,Biotech & Pharmaceuticals,Biotech & Pharmaceuticals,$10+ billion (USD),167.5,0,0,0,1,1,New York,2,NY,43.299428,-74.217933,New York
89,Digital Health Data Scientist,4.0,10000+ employees,Company - Public,Biotech & Pharmaceuticals,Biotech & Pharmaceuticals,$10+ billion (USD),86.5,1,0,0,1,1,Cambridge,3,MA,42.407211,-71.382437,Massachusetts
90,"Scientist, Immuno-Oncology",3.9,10000+ employees,Company - Public,Biotech & Pharmaceuticals,Biotech & Pharmaceuticals,$10+ billion (USD),90.5,0,0,0,1,0,Cambridge,1,MA,42.407211,-71.382437,Massachusetts
91,"Sr. Scientist, Quantitative Translational Sciences",3.7,10000+ employees,Company - Public,Biotech & Pharmaceuticals,Biotech & Pharmaceuticals,$10+ billion (USD),161.5,0,0,0,0,0,Boston,0,MA,42.407211,-71.382437,Massachusetts
92,"Senior Data Scientist – Visualization, Novartis AI Innovation Lab",3.8,10000+ employees,Company - Public,Biotech & Pharmaceuticals,Biotech & Pharmaceuticals,$10+ billion (USD),121.0,0,0,0,0,0,Cambridge,0,MA,42.407211,-71.382437,Massachusetts
93,Principal Scientist - Immunologist,3.7,10000+ employees,Company - Public,Biotech & Pharmaceuticals,Biotech & Pharmaceuticals,$10+ billion (USD),140.0,0,0,0,0,1,Boston,1,MA,42.407211,-71.382437,Massachusetts
94,"Sr. Data Scientist - Analytics, Personalized Healthcare (PHC)",3.9,10000+ employees,Subsidiary or Business Segment,Biotech & Pharmaceuticals,Biotech & Pharmaceuticals,$10+ billion (USD),169.0,1,0,1,0,1,South San Francisco,3,CA,36.778261,-119.417932,California
95,Scientist - CVRM Metabolism - in vivo pharmacology,3.9,10000+ employees,Company - Public,Biotech & Pharmaceuticals,Biotech & Pharmaceuticals,$10+ billion (USD),92.0,0,0,0,0,0,Gaithersburg,0,MD,39.045755,-76.641271,Maryland
96,Principal Data Scientist,3.9,10000+ employees,Company - Public,Biotech & Pharmaceuticals,Biotech & Pharmaceuticals,$10+ billion (USD),147.5,1,0,0,0,1,Gaithersburg,2,MD,39.045755,-76.641271,Maryland
97,Data Scientist,3.9,10000+ employees,Subsidiary or Business Segment,Biotech & Pharmaceuticals,Biotech & Pharmaceuticals,$10+ billion (USD),163.0,0,0,0,0,1,South San Francisco,1,CA,36.778261,-119.417932,California
98,Senior Data Scientist Oncology,3.9,10000+ employees,Company - Public,Biotech & Pharmaceuticals,Biotech & Pharmaceuticals,$10+ billion (USD),140.0,1,0,0,0,1,Gaithersburg,2,MD,39.045755,-76.641271,Maryland
99,"Senior Engineer, Data Management Engineering",3.5,10000+ employees,Company - Public,Computer Hardware & Software,Information Technology,$10+ billion (USD),98.5,1,0,1,1,0,Milpitas,3,CA,36.778261,-119.417932,California
100,Staff Data Scientist,3.5,10000+ employees,Company - Public,Computer Hardware & Software,Information Technology,$10+ billion (USD),171.5,1,0,0,1,0,San Jose,2,CA,36.778261,-119.417932,California
101,Scientist - Analytical Services,3.1,5001 to 10000 employees,Company - Private,Consumer Products Manufacturing,Manufacturing,$10+ billion (USD),99.5,0,0,0,0,1,Winston-Salem,1,NC,35.759573,-79.0193,North Carolina
102,Senior Scientist - Biostatistician,3.1,5001 to 10000 employees,Company - Private,Consumer Products Manufacturing,Manufacturing,$10+ billion (USD),80.5,0,0,0,0,1,Winston-Salem,1,NC,35.759573,-79.0193,North Carolina
103,Senior Scientist - Regulatory Submissions,3.1,5001 to 10000 employees,Company - Private,Consumer Products Manufacturing,Manufacturing,$10+ billion (USD),117.5,0,0,0,0,1,Winston-Salem,1,NC,35.759573,-79.0193,North Carolina
104,Scientist Manufacturing Pharma - Kentucky BioProcessing,3.1,5001 to 10000 employees,Company - Private,Consumer Products Manufacturing,Manufacturing,$10+ billion (USD),103.5,0,0,0,0,0,Owensboro,0,KY,37.839333,-84.270018,Kentucky
105,Scientist Manufacturing - Kentucky BioProcessing,3.1,5001 to 10000 employees,Company - Private,Consumer Products Manufacturing,Manufacturing,$10+ billion (USD),103.5,0,0,0,0,0,Owensboro,0,KY,37.839333,-84.270018,Kentucky
106,Senior Scientist - Toxicologist - Product Integrity (Stewardship),3.1,5001 to 10000 employees,Company - Private,Consumer Products Manufacturing,Manufacturing,$10+ billion (USD),74.0,0,0,0,0,1,Winston-Salem,1,NC,35.759573,-79.0193,North Carolina
107,Staff Data Scientist - Technology,3.2,10000+ employees,Company - Public,"Department, Clothing, & Shoe Stores",Retail,$10+ billion (USD),139.0,0,0,0,0,0,Plano,0,TX,31.968599,-99.901813,Texas
108,Data Scientist Manager,3.8,10000+ employees,Company - Public,Enterprise Software & Network Solutions,Information Technology,$10+ billion (USD),147.0,1,0,1,0,1,New York,3,NY,43.299428,-74.217933,New York
109,Sr. Data Engineer - Contract-to-Hire (Java),3.0,10000+ employees,Company - Private,Gas Stations,Retail,$10+ billion (USD),98.0,1,0,0,0,0,Knoxville,1,TN,35.517491,-86.580447,Tennessee
110,Medical Lab Scientist - MLT,3.2,10000+ employees,Nonprofit Organization,Health Care Services & Hospitals,Health Care,$10+ billion (USD),25.0,0,0,0,0,0,Omaha,0,NE,41.492537,-99.901813,Nebraska
111,Program/Data Analyst,3.4,10000+ employees,Subsidiary or Business Segment,IT Services,Information Technology,$10+ billion (USD),77.0,0,0,0,0,1,Washington,1,DC,38.905985,-77.033418,District of Columbia
112,Program/Data Analyst,3.4,10000+ employees,Subsidiary or Business Segment,IT Services,Information Technology,$10+ billion (USD),77.0,0,0,0,0,1,Washington,1,DC,38.942142,-77.025955,District of Columbia
113,Lead Data Scientist,3.7,10000+ employees,Company - Public,IT Services,Information Technology,$10+ billion (USD),184.5,1,0,0,0,1,Bellevue,2,WA,47.751074,-120.740139,Washington
114,Senior Machine Learning (ML) Engineer / Data Scientist - Cyber Security Analytics,3.7,10000+ employees,Company - Public,IT Services,Information Technology,$10+ billion (USD),89.5,1,0,1,0,0,Ashburn,2,VA,37.431573,-78.656894,Virginia
115,Scientist,3.4,10000+ employees,Subsidiary or Business Segment,IT Services,Information Technology,$10+ billion (USD),85.5,0,0,0,0,0,Suitland,0,MD,39.045755,-76.641271,Maryland
116,Consultant - Analytics Consulting,3.0,10000+ employees,Company - Public,IT Services,Information Technology,$10+ billion (USD),62.5,0,0,0,0,1,Hartford,1,CT,41.603221,-73.087749,Connecticut
117,College Hire - Data Scientist - Open to December 2019 Graduates,3.7,10000+ employees,Company - Public,Industrial Manufacturing,Manufacturing,$10+ billion (USD),81.0,0,0,0,0,0,Peoria,0,IL,40.633125,-89.398528,Illinois
118,Data Scientist,3.7,10000+ employees,Company - Public,Insurance Agencies & Brokerages,Insurance,$10+ billion (USD),115.0,1,0,0,0,1,Armonk,2,NY,43.299428,-74.217933,New York
119,Senior Data Scientist,3.7,10000+ employees,Company - Public,Insurance Agencies & Brokerages,Insurance,$10+ billion (USD),139.0,1,0,0,0,1,Armonk,2,NY,43.299428,-74.217933,New York
120,Data Science Project Manager,3.6,5001 to 10000 employees,Company - Private,Insurance Carriers,Insurance,$10+ billion (USD),68.5,0,0,0,0,1,Boston,1,MA,42.407211,-71.382437,Massachusetts
121,Sr. Data Analyst,3.6,5001 to 10000 employees,Company - Private,Insurance Carriers,Insurance,$10+ billion (USD),81.0,1,0,0,0,0,Springfield,1,MA,42.407211,-71.382437,Massachusetts
122,Data Modeler - Data Solutions Engineer,3.3,10000+ employees,Company - Private,Insurance Carriers,Insurance,$10+ billion (USD),51.5,1,0,0,0,1,Indianapolis,2,IN,40.551217,-85.602364,Indiana
123,Data Analytics Project Manager,3.6,5001 to 10000 employees,Company - Private,Insurance Carriers,Insurance,$10+ billion (USD),63.0,0,0,0,0,1,Springfield,1,MA,42.407211,-71.382437,Massachusetts
124,Data Modeler (Analytical Systems),3.6,5001 to 10000 employees,Company - Private,Insurance Carriers,Insurance,$10+ billion (USD),91.5,0,0,1,1,1,Boston,3,MA,42.407211,-71.382437,Massachusetts
125,Lead Data Scientist,3.6,5001 to 10000 employees,Company - Private,Insurance Carriers,Insurance,$10+ billion (USD),164.0,1,0,1,1,0,Boston,3,MA,42.407211,-71.382437,Massachusetts
126,"Director II, Data Science - GRM Actuarial",3.3,10000+ employees,Company - Private,Insurance Carriers,Insurance,$10+ billion (USD),254.0,1,0,0,0,0,Chicago,1,IL,40.633125,-89.398528,Illinois
127,"Director II, Data Science - GRS Predictive Analytics",3.3,10000+ employees,Company - Private,Insurance Carriers,Insurance,$10+ billion (USD),194.5,1,0,0,0,0,Chicago,1,IL,40.633125,-89.398528,Illinois
128,Data Engineer,3.6,5001 to 10000 employees,Company - Private,Insurance Carriers,Insurance,$10+ billion (USD),92.0,1,0,1,0,1,Springfield,3,MA,42.407211,-71.382437,Massachusetts
129,"Assistant Director/Director, Office of Data Science",3.3,10000+ employees,Company - Private,Insurance Carriers,Insurance,$10+ billion (USD),53.0,0,0,0,0,0,Boston,0,MA,42.407211,-71.382437,Massachusetts
130,"Data Scientist, Office of Data Science",3.3,10000+ employees,Company - Private,Insurance Carriers,Insurance,$10+ billion (USD),114.5,1,0,0,0,0,Boston,1,MA,42.407211,-71.382437,Massachusetts
131,"Director - Data, Privacy and AI Governance",3.6,5001 to 10000 employees,Company - Private,Insurance Carriers,Insurance,$10+ billion (USD),101.0,0,0,0,0,0,Boston,0,MA,42.407211,-71.382437,Massachusetts
132,"Enterprise Architect, Data",3.6,5001 to 10000 employees,Company - Private,Insurance Carriers,Insurance,$10+ billion (USD),129.5,1,0,1,1,1,Boston,4,MA,42.407211,-71.382437,Massachusetts
133,Data Scientist,3.6,10000+ employees,Company - Public,Investment Banking & Asset Management,Finance,$10+ billion (USD),116.5,0,0,0,0,1,Jersey City,1,NJ,40.058324,-74.405661,New Jersey
134,Data Analyst,3.1,1001 to 5000 employees,Company - Public,Video Games,Media,$10+ billion (USD),92.5,1,1,0,0,1,San Mateo,3,CA,36.778261,-119.417932,California
135,Data Engineer,3.1,1001 to 5000 employees,Company - Public,Video Games,Media,$10+ billion (USD),113.0,1,0,1,1,1,Aliso Viejo,4,CA,36.778261,-119.417932,California
136,"Director, Data Science",3.6,10000+ employees,Company - Public,Wholesale,Business Services,$10+ billion (USD),179.5,1,0,0,0,1,Lake Forest,2,IL,40.633125,-89.398528,Illinois
137,Lead Data Scientist,3.8,201 to 500 employees,Company - Private,Advertising & Marketing,Business Services,$100 to $500 million (USD),100.0,1,0,0,0,1,Cincinnati,2,OH,40.417287,-82.907123,Ohio
138,Data Scientist - Research,3.1,201 to 500 employees,Company - Public,Advertising & Marketing,Business Services,$100 to $500 million (USD),56.5,1,0,0,0,0,Boston,1,MA,42.407211,-71.382437,Massachusetts
139,Data Scientist,4.7,201 to 500 employees,Company - Private,Aerospace & Defense,Aerospace & Defense,$100 to $500 million (USD),107.0,1,0,1,0,1,Arlington,3,VA,37.431573,-78.656894,Virginia
140,Data Scientist,4.7,201 to 500 employees,Company - Private,Aerospace & Defense,Aerospace & Defense,$100 to $500 million (USD),110.0,1,0,1,0,1,Woburn,3,MA,42.407211,-71.382437,Massachusetts
141,Machine Learning Engineer,4.0,501 to 1000 employees,Company - Public,Aerospace & Defense,Aerospace & Defense,$100 to $500 million (USD),87.0,1,0,0,0,0,Fort Belvoir,1,VA,37.431573,-78.656894,Virginia
142,Spectral Scientist/Engineer,4.7,501 to 1000 employees,Company - Private,Aerospace & Defense,Aerospace & Defense,$100 to $500 million (USD),86.5,0,0,0,0,0,Beavercreek,0,OH,40.417287,-82.907123,Ohio
143,Data Science Analyst,4.6,1001 to 5000 employees,Company - Private,Aerospace & Defense,Aerospace & Defense,$100 to $500 million (USD),68.0,1,0,0,0,1,Huntsville,2,AL,32.318231,-86.902298,Alabama
144,Data Scientist,3.5,1001 to 5000 employees,Company - Private,Banks & Credit Unions,Finance,$100 to $500 million (USD),99.5,1,0,1,1,1,Hillsboro,4,OR,43.804133,-120.554201,Oregon
145,"Scientist, Analytical Development",4.4,201 to 500 employees,Company - Public,Biotech & Pharmaceuticals,Biotech & Pharmaceuticals,$100 to $500 million (USD),62.0,0,0,0,0,0,Cambridge,0,MA,42.407211,-71.382437,Massachusetts
146,Sr Data Analyst - IT,2.1,1001 to 5000 employees,Other Organization,Biotech & Pharmaceuticals,Biotech & Pharmaceuticals,$100 to $500 million (USD),72.5,0,0,0,0,1,Blue Bell,1,PA,41.203322,-77.194525,Pennsylvania
147,Sr. Scientist II,3.5,201 to 500 employees,Company - Public,Biotech & Pharmaceuticals,Biotech & Pharmaceuticals,$100 to $500 million (USD),174.0,0,0,0,0,1,San Francisco,1,CA,36.778261,-119.417932,California
148,"Scientist/Senior Scientist, Autoimmune",4.4,201 to 500 employees,Company - Public,Biotech & Pharmaceuticals,Biotech & Pharmaceuticals,$100 to $500 million (USD),134.5,0,0,0,0,0,Cambridge,0,MA,42.407211,-71.382437,Massachusetts
149,Data Scientist,2.3,201 to 500 employees,Company - Public,Biotech & Pharmaceuticals,Biotech & Pharmaceuticals,$100 to $500 million (USD),101.0,1,0,0,0,1,Washington,2,DC,38.905985,-77.033418,District of Columbia
150,Data Scientist,2.3,201 to 500 employees,Company - Public,Biotech & Pharmaceuticals,Biotech & Pharmaceuticals,$100 to $500 million (USD),101.0,1,0,0,0,1,Washington,2,DC,38.942142,-77.025955,District of Columbia
151,Data Scientist,3.2,1001 to 5000 employees,Company - Private,Brokerage Services,Finance,$100 to $500 million (USD),85.0,1,0,0,0,1,Fort Worth,2,TX,31.968599,-99.901813,Texas
152,Senior Data Analyst/Scientist,4.5,201 to 500 employees,Company - Private,Computer Hardware & Software,Information Technology,$100 to $500 million (USD),121.5,0,0,0,0,0,San Francisco,0,CA,36.778261,-119.417932,California
153,Data Scientist - Sales,4.7,501 to 1000 employees,Company - Private,Computer Hardware & Software,Information Technology,$100 to $500 million (USD),168.0,1,0,0,0,1,Mountain View,2,CA,36.778261,-119.417932,California
154,Data Scientist,4.5,201 to 500 employees,Company - Private,Computer Hardware & Software,Information Technology,$100 to $500 million (USD),157.0,0,0,1,1,0,San Francisco,2,CA,36.778261,-119.417932,California
155,Managing Data Scientist/ML Engineer,3.4,1001 to 5000 employees,Company - Private,Consulting,Business Services,$100 to $500 million (USD),107.5,0,0,1,0,1,Boston,2,MA,42.407211,-71.382437,Massachusetts
156,Data Scientist/ML Engineer,3.4,1001 to 5000 employees,Company - Private,Consulting,Business Services,$100 to $500 million (USD),97.0,1,0,1,0,1,New York,3,NY,43.299428,-74.217933,New York
157,Senior Data Analyst,1.9,201 to 500 employees,Company - Private,"Department, Clothing, & Shoe Stores",Retail,$100 to $500 million (USD),87.5,1,0,0,0,1,New York,2,NY,43.299428,-74.217933,New York
158,Digital Marketing & ECommerce Data Analyst,3.6,51 to 200 employees,Subsidiary or Business Segment,"Department, Clothing, & Shoe Stores",Retail,$100 to $500 million (USD),51.5,0,0,0,0,1,San Rafael,1,CA,36.778261,-119.417932,California
159,Senior Data Scientist,4.0,501 to 1000 employees,Company - Private,Enterprise Software & Network Solutions,Information Technology,$100 to $500 million (USD),147.0,1,0,0,1,0,Herndon,2,VA,37.431573,-78.656894,Virginia
160,Clinical Data Analyst,3.0,1001 to 5000 employees,Subsidiary or Business Segment,Enterprise Software & Network Solutions,Information Technology,$100 to $500 million (USD),37.5,0,0,0,0,1,Tampa,1,FL,27.664827,-81.515754,Florida
161,Data Scientist,4.2,501 to 1000 employees,Company - Private,Enterprise Software & Network Solutions,Information Technology,$100 to $500 million (USD),85.5,1,0,1,0,1,Miami,3,FL,27.664827,-81.515754,Florida
162,Data Scientist,4.0,501 to 1000 employees,Company - Private,Enterprise Software & Network Solutions,Information Technology,$100 to $500 million (USD),143.0,1,0,0,1,0,Herndon,2,VA,37.431573,-78.656894,Virginia
163,Salesforce Analytics Consultant,3.9,501 to 1000 employees,Company - Private,Enterprise Software & Network Solutions,Information Technology,$100 to $500 million (USD),66.5,1,0,0,0,0,Chicago,1,IL,40.633125,-89.398528,Illinois
164,Senior Data Analyst,4.0,501 to 1000 employees,Company - Private,Enterprise Software & Network Solutions,Information Technology,$100 to $500 million (USD),94.0,1,0,0,0,0,Herndon,1,VA,37.431573,-78.656894,Virginia
165,Senior Data Engineer,4.0,501 to 1000 employees,Company - Private,Enterprise Software & Network Solutions,Information Technology,$100 to $500 million (USD),97.0,1,0,1,1,0,Reston,3,VA,37.431573,-78.656894,Virginia
166,"Data Scientist, Senior",4.0,501 to 1000 employees,Company - Private,Enterprise Software & Network Solutions,Information Technology,$100 to $500 million (USD),142.0,1,0,0,1,0,Fort Belvoir,2,VA,37.431573,-78.656894,Virginia
167,R&D Specialist/ Food Scientist,2.4,501 to 1000 employees,Company - Private,Food & Beverage Manufacturing,Manufacturing,$100 to $500 million (USD),52.5,0,0,0,0,0,Hoopeston,0,IL,40.633125,-89.398528,Illinois
168,Marketing Data Analyst,3.6,1001 to 5000 employees,Company - Private,Gambling,"Arts, Entertainment & Recreation",$100 to $500 million (USD),48.5,0,0,0,0,1,Highland,1,CA,36.778261,-119.417932,California
169,MED TECH/LAB SCIENTIST- SOUTH COASTAL LAB,3.6,1001 to 5000 employees,Nonprofit Organization,Health Care Services & Hospitals,Health Care,$100 to $500 million (USD),27.5,0,0,0,0,0,Millville,0,DE,38.910832,-75.52767,Delaware
170,Clinical Laboratory Scientist,3.7,501 to 1000 employees,Hospital,Health Care Services & Hospitals,Health Care,$100 to $500 million (USD),31.5,0,0,0,0,0,Vail,0,CO,39.550051,-105.782067,Colorado
171,MED TECH/LAB SCIENTIST - LABORATORY,3.6,1001 to 5000 employees,Nonprofit Organization,Health Care Services & Hospitals,Health Care,$100 to $500 million (USD),27.5,0,0,0,0,0,Lewes,0,DE,38.910832,-75.52767,Delaware
172,Data Engineer,3.9,1001 to 5000 employees,Company - Private,IT Services,Information Technology,$100 to $500 million (USD),95.5,1,0,1,0,0,Charlotte,2,NC,35.759573,-79.0193,North Carolina
173,Data Analyst,3.7,501 to 1000 employees,Company - Private,IT Services,Information Technology,$100 to $500 million (USD),71.0,0,0,0,0,1,Alexandria,1,VA,37.431573,-78.656894,Virginia
174,Data Scientist,3.9,501 to 1000 employees,Company - Private,IT Services,Information Technology,$100 to $500 million (USD),99.0,1,0,0,0,1,Fort Belvoir,2,VA,37.431573,-78.656894,Virginia
175,Data Analyst / Scientist,4.2,1001 to 5000 employees,Company - Private,IT Services,Information Technology,$100 to $500 million (USD),72.5,0,0,0,0,1,Patuxent River,1,MD,39.045755,-76.641271,Maryland
176,Data Scientist SR,3.9,501 to 1000 employees,Company - Private,IT Services,Information Technology,$100 to $500 million (USD),112.0,1,0,1,0,0,Charlottesville,2,VA,37.431573,-78.656894,Virginia
177,Data Scientist,3.6,1001 to 5000 employees,Company - Private,Industrial Manufacturing,Manufacturing,$100 to $500 million (USD),107.5,0,0,0,0,1,Santa Fe Springs,1,AK,63.588753,-154.493062,Alaska
178,Sr. Data Engineer (ETL Developer),3.7,201 to 500 employees,Subsidiary or Business Segment,Insurance Carriers,Insurance,$100 to $500 million (USD),115.5,1,0,0,0,1,Des Moines,2,IA,41.878003,-93.097702,Iowa
179,IT - Data Engineer II,3.4,1001 to 5000 employees,Company - Private,Insurance Carriers,Insurance,$100 to $500 million (USD),90.0,0,0,1,0,1,Quincy,2,MA,42.407211,-71.382437,Massachusetts
180,Data Engineer,3.7,201 to 500 employees,Company - Private,Insurance Carriers,Insurance,$100 to $500 million (USD),110.5,1,0,0,0,1,New York,2,NY,43.299428,-74.217933,New York
181,Data Engineer,3.5,201 to 500 employees,Company - Private,Insurance Carriers,Insurance,$100 to $500 million (USD),106.0,1,0,0,0,1,Long Beach,2,NY,43.299428,-74.217933,New York
182,Data Engineer,3.9,201 to 500 employees,Company - Private,Internet,Information Technology,$100 to $500 million (USD),87.5,1,0,0,1,1,San Francisco,3,CA,36.778261,-119.417932,California
183,Senior Data Engineer,4.4,1001 to 5000 employees,Company - Public,Internet,Information Technology,$100 to $500 million (USD),102.5,1,0,1,1,0,Nashville,3,TN,35.517491,-86.580447,Tennessee
184,Data Scientist,4.6,51 to 200 employees,Company - Private,Internet,Information Technology,$100 to $500 million (USD),140.0,1,0,1,0,0,New York,2,NY,43.299428,-74.217933,New York
185,Data Engineer,4.4,1001 to 5000 employees,Company - Public,Internet,Information Technology,$100 to $500 million (USD),88.0,1,0,1,1,1,Nashville,4,TN,35.517491,-86.580447,Tennessee
186,Big Data Engineer - Chicago - Future Opportunity,4.1,501 to 1000 employees,Company - Private,Internet,Information Technology,$100 to $500 million (USD),100.0,1,0,1,1,0,Chicago,3,IL,40.633125,-89.398528,Illinois
187,Data Analyst,3.1,1001 to 5000 employees,School / School District,K-12 Education,Education,$100 to $500 million (USD),59.5,1,0,0,0,1,New York,2,NY,43.299428,-74.217933,New York
188,Analytics - Business Assurance Data Analyst,4.6,501 to 1000 employees,Company - Private,Lending,Finance,$100 to $500 million (USD),43.0,0,0,0,0,1,Cedar Rapids,1,IA,41.878003,-93.097702,Iowa
189,Data Scientist,4.0,201 to 500 employees,Company - Private,Lending,Finance,$100 to $500 million (USD),87.0,0,0,0,0,1,New York,1,NY,43.299428,-74.217933,New York
190,Data Analyst,2.3,501 to 1000 employees,Company - Private,Research & Development,Business Services,$100 to $500 million (USD),62.0,0,0,0,0,1,Baltimore,1,MD,39.045755,-76.641271,Maryland
191,Data Scientist,3.9,1001 to 5000 employees,Company - Private,Research & Development,Business Services,$100 to $500 million (USD),15.5,0,0,0,0,1,Port Washington,1,NY,43.299428,-74.217933,New York
192,Data Scientist,4.8,501 to 1000 employees,Company - Private,Security Services,Business Services,$100 to $500 million (USD),85.0,1,0,1,0,1,Clearwater,3,FL,27.664827,-81.515754,Florida
193,Senior Data Analyst,4.8,501 to 1000 employees,Company - Private,Security Services,Business Services,$100 to $500 million (USD),61.0,1,0,0,0,1,Clearwater,2,FL,27.664827,-81.515754,Florida
194,Data Analyst,4.4,501 to 1000 employees,Company - Private,Wholesale,Business Services,$100 to $500 million (USD),53.5,0,0,0,0,1,Tacoma,1,WA,47.751074,-120.740139,Washington
195,Data Engineer,3.7,5001 to 10000 employees,Company - Public,Aerospace & Defense,Aerospace & Defense,$2 to $5 billion (USD),105.5,1,0,1,0,0,Springfield,2,VA,37.431573,-78.656894,Virginia
196,"Principal, Data Science - Advanced Analytics",3.6,10000+ employees,Company - Public,Biotech & Pharmaceuticals,Biotech & Pharmaceuticals,$2 to $5 billion (USD),111.5,0,0,0,0,0,Plymouth Meeting,0,PA,41.203322,-77.194525,Pennsylvania
197,Data Engineer,4.0,5001 to 10000 employees,Company - Public,Computer Hardware & Software,Information Technology,$2 to $5 billion (USD),108.0,1,0,1,0,0,San Francisco,2,CA,36.778261,-119.417932,California
198,Senior Data Scientist,4.0,5001 to 10000 employees,Company - Public,Computer Hardware & Software,Information Technology,$2 to $5 billion (USD),150.5,1,0,1,0,0,San Francisco,2,CA,36.778261,-119.417932,California
199,"Principal Data Engineer, Data Platform & Insights",4.0,5001 to 10000 employees,Company - Public,Computer Hardware & Software,Information Technology,$2 to $5 billion (USD),162.5,1,0,1,0,1,San Francisco,3,CA,36.778261,-119.417932,California
200,Products Data Analyst II,3.3,1001 to 5000 employees,Company - Public,Consulting,Business Services,$2 to $5 billion (USD),123.5,0,0,0,0,1,Dublin,1,CA,36.778261,-119.417932,California
201,Data Scientist,3.5,10000+ employees,Company - Public,Consulting,Business Services,$2 to $5 billion (USD),80.5,1,0,0,1,0,New York,2,NY,43.299428,-74.217933,New York
202,Scientist,3.4,5001 to 10000 employees,Company - Public,Consumer Products Manufacturing,Manufacturing,$2 to $5 billion (USD),82.5,0,0,0,1,0,Allendale,1,NJ,40.058324,-74.405661,New Jersey
203,BI & Platform Analytics Manager,3.4,1001 to 5000 employees,Company - Public,Consumer Products Manufacturing,Manufacturing,$2 to $5 billion (USD),109.5,1,0,0,0,1,Ewing,2,NJ,40.058324,-74.405661,New Jersey
204,Associate Data Analyst,3.1,5001 to 10000 employees,Company - Private,Enterprise Software & Network Solutions,Information Technology,$2 to $5 billion (USD),29.5,0,0,0,0,1,Longmont,1,CO,39.550051,-105.782067,Colorado
205,"Senior Operations Data Analyst, Call Center Operations",2.7,5001 to 10000 employees,Company - Public,Financial Transaction Processing,Finance,$2 to $5 billion (USD),13.5,0,0,0,0,1,Nashville,1,TN,35.517491,-86.580447,Tennessee
206,"Data Analyst, Performance Partnership",3.6,10000+ employees,Subsidiary or Business Segment,Health Care Products Manufacturing,Manufacturing,$2 to $5 billion (USD),73.0,0,0,0,1,1,New York,2,NY,43.299428,-74.217933,New York
207,Healthcare Data Scientist,3.4,10000+ employees,Other Organization,Health Care Services & Hospitals,Health Care,$2 to $5 billion (USD),87.5,1,0,0,0,0,Linthicum,1,MD,39.045755,-76.641271,Maryland
208,Data Engineer,3.9,10000+ employees,Company - Private,IT Services,Information Technology,$2 to $5 billion (USD),87.0,0,0,0,0,0,Washington,0,DC,38.905985,-77.033418,District of Columbia
209,Data Engineer,3.9,10000+ employees,Company - Private,IT Services,Information Technology,$2 to $5 billion (USD),87.0,0,0,0,0,0,Washington,0,DC,38.942142,-77.025955,District of Columbia
210,Data Scientist,3.0,1001 to 5000 employees,Company - Private,Insurance Agencies & Brokerages,Insurance,$2 to $5 billion (USD),94.5,1,0,0,0,0,Cincinnati,1,OH,40.417287,-82.907123,Ohio
211,Data Engineering Analyst,3.8,1001 to 5000 employees,Company - Private,Insurance Carriers,Insurance,$2 to $5 billion (USD),58.5,1,0,1,0,1,Bloomington,3,IL,40.633125,-89.398528,Illinois
212,Data Analyst,3.1,1001 to 5000 employees,Company - Private,Insurance Carriers,Insurance,$2 to $5 billion (USD),56.5,0,0,0,0,1,Milwaukee,1,WI,43.78444,-88.787868,Wisconsin
213,Senior Data Scientist,4.3,1001 to 5000 employees,Company - Public,Real Estate,Real Estate,$2 to $5 billion (USD),130.0,1,0,1,0,1,Chicago,3,IL,40.633125,-89.398528,Illinois
214,Data Engineer,4.3,1001 to 5000 employees,Company - Public,Real Estate,Real Estate,$2 to $5 billion (USD),92.5,1,0,1,0,1,Chicago,3,IL,40.633125,-89.398528,Illinois
215,Data Scientist,3.8,5001 to 10000 employees,Company - Public,Telecommunications Services,Telecommunications,$2 to $5 billion (USD),121.0,1,0,1,0,1,Sunnyvale,3,CA,36.778261,-119.417932,California
216,Senior Data Scientist,3.8,5001 to 10000 employees,Company - Public,Telecommunications Services,Telecommunications,$2 to $5 billion (USD),142.0,1,0,1,1,1,Cupertino,4,CA,36.778261,-119.417932,California
217,Sr. Data Engineer,3.4,1001 to 5000 employees,Company - Public,Transportation Management,Transportation & Logistics,$2 to $5 billion (USD),107.5,0,0,0,0,0,Chicago,0,IL,40.633125,-89.398528,Illinois
218,"Business Data Analyst, SQL",3.8,1001 to 5000 employees,Company - Private,Travel Agencies,Travel & Tourism,$2 to $5 billion (USD),65.0,0,0,0,0,1,New York,1,NY,43.299428,-74.217933,New York
219,"Marketing Data Analyst, May 2020 Undergrad",3.8,1001 to 5000 employees,Company - Private,Travel Agencies,Travel & Tourism,$2 to $5 billion (USD),65.0,0,0,0,0,1,New York,1,NY,43.299428,-74.217933,New York
220,Business Data Analyst,3.8,1001 to 5000 employees,Company - Private,Travel Agencies,Travel & Tourism,$2 to $5 billion (USD),53.5,1,0,0,0,1,New York,2,NY,43.299428,-74.217933,New York
221,Associate Machine Learning Engineer / Data Scientist May 2020 Undergrad,3.8,1001 to 5000 employees,Company - Private,Travel Agencies,Travel & Tourism,$2 to $5 billion (USD),74.5,1,0,1,0,0,New York,2,NY,43.299428,-74.217933,New York
222,Jr. Business Data Analyst,4.7,201 to 500 employees,Company - Private,Advertising & Marketing,Business Services,$25 to $50 million (USD),56.5,0,0,0,0,1,Harrisburg,1,PA,41.203322,-77.194525,Pennsylvania
223,Data Engineer,4.2,51 to 200 employees,Company - Public,Advertising & Marketing,Business Services,$25 to $50 million (USD),71.5,1,0,1,1,1,Winter Park,4,FL,27.664827,-81.515754,Florida
224,Radar Data Analyst,4.7,51 to 200 employees,Company - Private,Aerospace & Defense,Aerospace & Defense,$25 to $50 million (USD),59.0,1,0,0,0,1,Huntsville,2,AL,32.318231,-86.902298,Alabama
225,Staff Scientist,4.4,201 to 500 employees,Company - Private,Architectural & Engineering Services,Business Services,$25 to $50 million (USD),60.5,0,0,0,0,0,Columbia,0,SC,33.836081,-81.163725,South Carolina
226,"Scientist, Bacteriology",2.1,201 to 500 employees,Company - Public,Biotech & Pharmaceuticals,Biotech & Pharmaceuticals,$25 to $50 million (USD),111.5,0,0,0,0,1,Concord,1,CA,36.778261,-119.417932,California
227,Staff Scientist-Downstream Process Development,2.7,201 to 500 employees,Company - Private,Biotech & Pharmaceuticals,Biotech & Pharmaceuticals,$25 to $50 million (USD),81.0,0,0,0,0,1,Rockville,1,MD,39.045755,-76.641271,Maryland
228,Staff Scientist- Upstream PD,2.7,201 to 500 employees,Company - Private,Biotech & Pharmaceuticals,Biotech & Pharmaceuticals,$25 to $50 million (USD),81.0,0,0,0,0,0,Rockville,0,MD,39.045755,-76.641271,Maryland
229,Quality Control Scientist III- Analytical Development,2.7,201 to 500 employees,Company - Private,Biotech & Pharmaceuticals,Biotech & Pharmaceuticals,$25 to $50 million (USD),80.5,0,0,0,0,1,Rockville,1,MD,39.045755,-76.641271,Maryland
230,Senior Data Analyst,2.9,201 to 500 employees,Nonprofit Organization,Colleges & Universities,Education,$25 to $50 million (USD),61.5,1,0,0,0,1,Herndon,2,VA,37.431573,-78.656894,Virginia
231,Revenue Analytics Manager,4.8,51 to 200 employees,Company - Private,Computer Hardware & Software,Information Technology,$25 to $50 million (USD),61.5,0,0,0,0,1,San Francisco,1,CA,36.778261,-119.417932,California
232,Data Scientist,4.7,51 to 200 employees,Company - Private,Computer Hardware & Software,Information Technology,$25 to $50 million (USD),79.5,1,0,0,0,1,Atlanta,2,GA,32.157435,-82.907123,Georgia
233,Sr. Data Engineer,4.5,51 to 200 employees,Company - Private,Consulting,Business Services,$25 to $50 million (USD),122.5,1,0,1,1,0,Indianapolis,3,IN,40.551217,-85.602364,Indiana
234,Data Scientist,3.8,201 to 500 employees,Company - Private,Consulting,Business Services,$25 to $50 million (USD),114.0,1,0,1,1,1,San Jose,4,CA,36.778261,-119.417932,California
235,Data Engineer,4.7,51 to 200 employees,Company - Private,Consulting,Business Services,$25 to $50 million (USD),95.0,0,0,1,1,0,Minneapolis,2,MN,46.729553,-94.6859,Minnesota
236,Data Scientist (Warehouse Automation),3.8,201 to 500 employees,Subsidiary or Business Segment,Consumer Products Manufacturing,Manufacturing,$25 to $50 million (USD),103.0,1,0,0,1,0,San Francisco,2,CA,36.778261,-119.417932,California
237,Senior Data Analyst,4.3,201 to 500 employees,Company - Private,Enterprise Software & Network Solutions,Information Technology,$25 to $50 million (USD),55.0,0,0,0,0,1,Phoenix,1,AZ,34.048928,-111.093731,Arizona
238,Data Scientist,3.7,201 to 500 employees,Company - Private,IT Services,Information Technology,$25 to $50 million (USD),86.0,1,0,0,0,1,Silver Spring,2,MD,39.045755,-76.641271,Maryland
239,Data Engineer,3.4,201 to 500 employees,Company - Private,IT Services,Information Technology,$25 to $50 million (USD),109.0,0,0,0,1,0,Rockville,1,MD,39.045755,-76.641271,Maryland
240,Data Scientist,3.5,201 to 500 employees,Company - Private,IT Services,Information Technology,$25 to $50 million (USD),88.5,0,0,0,1,0,Indianapolis,1,IN,40.551217,-85.602364,Indiana
241,Data Management Specialist,4.5,51 to 200 employees,Company - Private,IT Services,Information Technology,$25 to $50 million (USD),48.0,0,0,0,0,1,Huntsville,1,AL,32.318231,-86.902298,Alabama
242,Foundational Community Supports Data Analyst,3.4,501 to 1000 employees,Nonprofit Organization,Social Assistance,Non-Profit,$25 to $50 million (USD),44.5,0,0,0,1,1,Seattle,2,WA,47.751074,-120.740139,Washington
243,Information Security Data Analyst,4.3,501 to 1000 employees,Company - Public,Banks & Credit Unions,Finance,$5 to $10 billion (USD),58.0,0,0,0,1,0,Red Bank,1,NJ,40.058324,-74.405661,New Jersey
244,Information Security Data Analyst,3.7,10000+ employees,Company - Public,Computer Hardware & Software,Information Technology,$5 to $10 billion (USD),61.0,1,0,1,0,0,Chicago,2,IL,40.633125,-89.398528,Illinois
245,Data Science Engineer - Mobile,4.0,10000+ employees,Company - Public,Computer Hardware & Software,Information Technology,$5 to $10 billion (USD),162.0,1,0,0,0,1,San Jose,2,CA,36.778261,-119.417932,California
246,IT Associate Data Analyst,3.7,5001 to 10000 employees,Company - Public,Insurance Carriers,Insurance,$5 to $10 billion (USD),54.0,0,0,0,0,0,Worcester,0,MA,42.407211,-71.382437,Massachusetts
247,MongoDB Data Engineer II,3.8,5001 to 10000 employees,Nonprofit Organization,Insurance Carriers,Insurance,$5 to $10 billion (USD),106.5,0,0,0,0,1,Chattanooga,1,TN,35.517491,-86.580447,Tennessee
248,PL Actuarial-Lead Data Scientist,3.7,5001 to 10000 employees,Company - Public,Insurance Carriers,Insurance,$5 to $10 billion (USD),146.5,1,0,0,0,1,Worcester,2,MA,42.407211,-71.382437,Massachusetts
249,Data Analyst Senior,3.0,5001 to 10000 employees,Company - Private,Insurance Carriers,Insurance,$5 to $10 billion (USD),66.5,0,0,0,0,1,Philadelphia,1,PA,41.203322,-77.194525,Pennsylvania
250,Data Scientist,3.7,1001 to 5000 employees,Company - Public,Insurance Carriers,Insurance,$5 to $10 billion (USD),102.0,1,0,1,1,1,Raleigh,4,NC,35.759573,-79.0193,North Carolina
251,Sr Software Engineer (Data Scientist),3.4,10000+ employees,Company - Public,Insurance Carriers,Insurance,$5 to $10 billion (USD),110.5,0,0,0,0,1,Westlake,1,OH,40.417287,-82.907123,Ohio
252,Associate Data Analyst,3.7,5001 to 10000 employees,Company - Public,Insurance Carriers,Insurance,$5 to $10 billion (USD),47.5,0,0,0,0,1,Worcester,1,MA,42.407211,-71.382437,Massachusetts
253,Data Scientist,3.8,10000+ employees,Company - Public,Sporting Goods Stores,Retail,$5 to $10 billion (USD),85.0,1,0,0,0,0,Coraopolis,1,PA,41.203322,-77.194525,Pennsylvania
254,Senior Data Scientist,3.3,10000+ employees,Company - Public,Transportation Equipment Manufacturing,Manufacturing,$5 to $10 billion (USD),104.5,1,0,1,1,1,Southfield,4,MI,44.314844,-85.602364,Michigan
255,Software Engineer - Data Visualization,4.0,51 to 200 employees,Company - Private,Computer Hardware & Software,Information Technology,$5 to $10 million (USD),93.5,0,0,0,0,1,Annapolis Junction,1,MD,39.045755,-76.641271,Maryland
256,Data Scientist,4.6,51 to 200 employees,Company - Private,Consulting,Business Services,$5 to $10 million (USD),94.0,1,0,1,1,0,Waltham,3,MA,42.407211,-71.382437,Massachusetts
257,Data Scientist,3.5,51 to 200 employees,Company - Private,"Health, Beauty, & Fitness",Consumer Services,$5 to $10 million (USD),139.5,1,0,0,0,0,Foster City,1,CA,36.778261,-119.417932,California
258,Data Scientist,3.4,51 to 200 employees,Company - Private,IT Services,Information Technology,$5 to $10 million (USD),89.0,0,0,0,0,0,Olympia,0,WA,47.751074,-120.740139,Washington
259,Data Scientist,3.5,1 to 50 employees,School / School District,K-12 Education,Education,$5 to $10 million (USD),96.0,0,0,0,0,1,Maryland Heights,1,MO,37.964253,-91.831833,Missouri
260,Research Scientist / Principal Research Scientist - Multiphysical Systems,4.6,51 to 200 employees,Subsidiary or Business Segment,Research & Development,Business Services,$5 to $10 million (USD),167.5,0,0,0,0,0,Cambridge,0,MA,42.407211,-71.382437,Massachusetts
261,Research Scientist or Senior Research Scientist - Computer Vision,4.6,51 to 200 employees,Subsidiary or Business Segment,Research & Development,Business Services,$5 to $10 million (USD),121.0,0,0,0,1,1,Cambridge,2,MA,42.407211,-71.382437,Massachusetts
262,Data Scientist,3.2,1 to 50 employees,Company - Private,Staffing & Outsourcing,Business Services,$5 to $10 million (USD),128.5,1,0,1,1,0,Philadelphia,3,PA,41.203322,-77.194525,Pennsylvania
263,Data Science Manager,3.2,1 to 50 employees,Company - Private,Staffing & Outsourcing,Business Services,$5 to $10 million (USD),127.5,0,0,0,0,1,Allentown,1,PA,41.203322,-77.194525,Pennsylvania
264,"Sr. Data Scientist, Cyber-Security LT Contract",3.2,1 to 50 employees,Company - Private,Staffing & Outsourcing,Business Services,$5 to $10 million (USD),155.0,1,0,1,1,1,Phila,4,PA,41.203322,-77.194525,Pennsylvania
265,Data Engineer,3.2,1 to 50 employees,Company - Private,Staffing & Outsourcing,Business Services,$5 to $10 million (USD),91.5,1,0,1,1,1,King of Prussia,4,PA,41.203322,-77.194525,Pennsylvania
266,Product Manager/Data Evangelist,3.2,1 to 50 employees,Company - Private,Staffing & Outsourcing,Business Services,$5 to $10 million (USD),74.0,1,0,0,1,0,Phila,2,PA,41.203322,-77.194525,Pennsylvania
267,Senior Data Scientist,2.2,501 to 1000 employees,Subsidiary or Business Segment,Advertising & Marketing,Business Services,$50 to $100 million (USD),110.0,0,0,0,0,0,Dallas,0,TX,31.968599,-99.901813,Texas
268,Data Scientist,3.8,501 to 1000 employees,Company - Private,Aerospace & Defense,Aerospace & Defense,$50 to $100 million (USD),72.0,1,0,0,0,1,Albuquerque,2,NM,34.97273,-105.032363,New Mexico
269,Data Scientist,4.2,201 to 500 employees,Company - Private,Banks & Credit Unions,Finance,$50 to $100 million (USD),100.5,0,0,0,0,1,Holyoke,1,MA,42.407211,-71.382437,Massachusetts
270,"Scientist, Pharmacometrics",3.8,501 to 1000 employees,Company - Public,Biotech & Pharmaceuticals,Biotech & Pharmaceuticals,$50 to $100 million (USD),120.5,0,0,0,0,0,Cambridge,0,MA,42.407211,-71.382437,Massachusetts
271,"Manager, Safety Scientist, Medical Safety & Risk Management",3.8,501 to 1000 employees,Company - Public,Biotech & Pharmaceuticals,Biotech & Pharmaceuticals,$50 to $100 million (USD),96.5,0,0,0,0,1,Cambridge,1,MA,42.407211,-71.382437,Massachusetts
272,Scientist - Biomarker and Flow Cytometry,2.4,501 to 1000 employees,Company - Private,Biotech & Pharmaceuticals,Biotech & Pharmaceuticals,$50 to $100 million (USD),70.5,0,0,0,0,0,San Diego,0,CA,36.778261,-119.417932,California
273,Data Analyst,4.0,201 to 500 employees,Company - Private,Computer Hardware & Software,Information Technology,$50 to $100 million (USD),49.0,1,1,0,0,1,Meridian,3,ID,44.068202,-114.742041,Idaho
274,Staff Data Engineer,3.7,1001 to 5000 employees,Subsidiary or Business Segment,Computer Hardware & Software,Information Technology,$50 to $100 million (USD),177.0,1,0,1,1,0,Mountain View,3,CA,36.778261,-119.417932,California
275,Data Engineer,3.5,201 to 500 employees,Company - Private,Consulting,Business Services,$50 to $100 million (USD),95.5,1,0,0,0,0,Chicago,1,IL,40.633125,-89.398528,Illinois
276,Data Scientist,4.4,201 to 500 employees,Company - Private,Consulting,Business Services,$50 to $100 million (USD),81.0,1,0,0,1,1,Chicago,3,IL,40.633125,-89.398528,Illinois
277,SQL Data Engineer,3.4,201 to 500 employees,Company - Private,Consulting,Business Services,$50 to $100 million (USD),93.0,1,0,0,1,0,Austin,2,TX,31.968599,-99.901813,Texas
278,Data & Analytics Consultant (NYC),4.7,201 to 500 employees,Company - Private,Consulting,Business Services,$50 to $100 million (USD),114.5,1,0,0,0,1,New York,2,NY,43.299428,-74.217933,New York
279,Senior Data Scientist,4.4,201 to 500 employees,Company - Private,Consulting,Business Services,$50 to $100 million (USD),128.5,1,0,0,1,1,Chicago,3,IL,40.633125,-89.398528,Illinois
280,Data Engineer,4.0,201 to 500 employees,Company - Private,Consulting,Business Services,$50 to $100 million (USD),87.0,1,0,0,1,1,Arlington,3,VA,37.431573,-78.656894,Virginia
281,Ag Data Scientist,4.6,501 to 1000 employees,Company - Private,Farm Support Services,Agriculture & Forestry,$50 to $100 million (USD),80.5,0,0,0,0,0,Atlanta,0,IN,40.551217,-85.602364,Indiana
282,Research Scientist – Security and Privacy,3.6,501 to 1000 employees,Nonprofit Organization,Federal Agencies,Government,$50 to $100 million (USD),93.5,1,0,0,0,0,Beavercreek,1,OH,40.417287,-82.907123,Ohio
283,Senior Data Scientist,3.9,51 to 200 employees,Company - Private,Financial Analytics & Research,Finance,$50 to $100 million (USD),148.0,1,0,0,0,0,Burbank,1,CA,36.778261,-119.417932,California
284,Lead Data Scientist,3.9,51 to 200 employees,Company - Private,Financial Analytics & Research,Finance,$50 to $100 million (USD),180.0,1,0,0,0,1,Burbank,2,CA,36.778261,-119.417932,California
285,Senior Risk Data Scientist,3.8,501 to 1000 employees,Company - Public,Financial Transaction Processing,Finance,$50 to $100 million (USD),139.5,0,0,0,0,0,Palo Alto,0,CA,36.778261,-119.417932,California
286,Medical Laboratory Scientist,4.0,1001 to 5000 employees,Hospital,Health Care Services & Hospitals,Health Care,$50 to $100 million (USD),21.5,0,0,0,1,0,Burleson,1,TX,31.968599,-99.901813,Texas
287,Data Analyst,4.2,201 to 500 employees,Company - Private,IT Services,Information Technology,$50 to $100 million (USD),88.0,1,0,0,1,1,San Francisco,3,CA,36.778261,-119.417932,California
288,Data Engineer,3.4,501 to 1000 employees,Company - Private,IT Services,Information Technology,$50 to $100 million (USD),60.5,1,0,1,1,0,Scottsdale,3,AZ,34.048928,-111.093731,Arizona
289,Data Scientist,4.3,201 to 500 employees,Company - Private,IT Services,Information Technology,$50 to $100 million (USD),69.5,1,0,0,0,1,Phoenix,2,AZ,34.048928,-111.093731,Arizona
290,Data Engineer,4.6,501 to 1000 employees,Company - Private,IT Services,Information Technology,$50 to $100 million (USD),75.5,0,0,1,0,0,Houston,1,TX,31.968599,-99.901813,Texas
291,Lead Data Engineer,4.1,51 to 200 employees,Company - Private,Internet,Information Technology,$50 to $100 million (USD),205.0,1,0,1,1,0,Mountain View,3,CA,36.778261,-119.417932,California
292,"Risk and Analytics IT, Data Scientist",2.7,51 to 200 employees,Government,Investment Banking & Asset Management,Finance,$50 to $100 million (USD),120.0,1,0,0,0,0,Madison,1,WI,43.78444,-88.787868,Wisconsin
293,Insurance Financial Data Analyst,4.2,501 to 1000 employees,Company - Private,Investment Banking & Asset Management,Finance,$50 to $100 million (USD),63.5,0,0,0,0,1,Boise,1,ID,44.068202,-114.742041,Idaho
294,Scientist,2.7,501 to 1000 employees,Subsidiary or Business Segment,Research & Development,Business Services,$50 to $100 million (USD),76.0,0,0,0,0,1,Maryland Heights,1,MO,37.964253,-91.831833,Missouri
295,Data Analyst,2.8,501 to 1000 employees,Nonprofit Organization,Social Assistance,Non-Profit,$50 to $100 million (USD),47.5,0,0,0,0,1,Parlier,1,CA,36.778261,-119.417932,California
296,Market Data Analyst,3.4,201 to 500 employees,Company - Public,Telecommunications Manufacturing,Telecommunications,$50 to $100 million (USD),44.0,0,0,0,0,0,West Palm Beach,0,FL,27.664827,-81.515754,Florida
297,Data Scientist,3.5,5001 to 10000 employees,Company - Public,Aerospace & Defense,Aerospace & Defense,$500 million to $1 billion (USD),96.0,1,0,0,0,0,Oak Ridge,1,TN,35.517491,-86.580447,Tennessee
298,Data Scientist,3.6,1001 to 5000 employees,Company - Public,Auctions & Galleries,Retail,$500 million to $1 billion (USD),128.0,1,0,0,0,0,New York,1,NY,43.299428,-74.217933,New York
299,"Scientist 2, QC Viral Vector",3.8,1001 to 5000 employees,Company - Public,Biotech & Pharmaceuticals,Biotech & Pharmaceuticals,$500 million to $1 billion (USD),168.0,0,0,0,0,1,Novato,1,CA,36.778261,-119.417932,California
300,Supply Chain Data Analyst,3.1,1001 to 5000 employees,Company - Private,Consumer Products Manufacturing,Manufacturing,$500 million to $1 billion (USD),47.0,1,0,0,0,1,Logan,2,UT,39.32098,-111.093731,Utah
301,Data Scientist in Artificial Intelligence Early Career,3.8,1001 to 5000 employees,Government,Energy,"Oil, Gas, Energy & Utilities",$500 million to $1 billion (USD),67.0,0,0,0,0,0,Richland,0,WA,47.751074,-120.740139,Washington
302,Computational Chemist/Data Scientist,3.8,1001 to 5000 employees,Government,Energy,"Oil, Gas, Energy & Utilities",$500 million to $1 billion (USD),76.5,1,0,0,0,0,Richland,1,WA,47.751074,-120.740139,Washington
303,Data Scientist - Bioinformatics,3.8,1001 to 5000 employees,Government,Energy,"Oil, Gas, Energy & Utilities",$500 million to $1 billion (USD),67.0,1,0,0,0,0,Richland,1,WA,47.751074,-120.740139,Washington
304,Data Scientist,3.8,1001 to 5000 employees,Government,Energy,"Oil, Gas, Energy & Utilities",$500 million to $1 billion (USD),76.5,1,0,0,0,0,Richland,1,WA,47.751074,-120.740139,Washington
305,Senior Data Scientist Artificial Intelligence,3.8,1001 to 5000 employees,Government,Energy,"Oil, Gas, Energy & Utilities",$500 million to $1 billion (USD),80.5,0,0,0,0,0,Richland,0,WA,47.751074,-120.740139,Washington
306,Senior Data Scientist 4 Artificial Intelligence,3.8,1001 to 5000 employees,Government,Energy,"Oil, Gas, Energy & Utilities",$500 million to $1 billion (USD),119.0,0,0,0,0,0,Seattle,0,WA,47.751074,-120.740139,Washington
307,Senior Data Scientist Statistics,3.8,1001 to 5000 employees,Government,Energy,"Oil, Gas, Energy & Utilities",$500 million to $1 billion (USD),98.5,0,0,0,0,0,Richland,0,WA,47.751074,-120.740139,Washington
308,Data Architect / Data Modeler,4.3,1001 to 5000 employees,Company - Public,Enterprise Software & Network Solutions,Information Technology,$500 million to $1 billion (USD),86.5,0,0,0,1,1,New York,2,NY,43.299428,-74.217933,New York
309,Senior Data Scientist,4.3,1001 to 5000 employees,Company - Public,Enterprise Software & Network Solutions,Information Technology,$500 million to $1 billion (USD),123.5,1,0,0,1,0,New York,2,NY,43.299428,-74.217933,New York
310,"Senior Health Data Analyst, Star Ratings",3.3,1001 to 5000 employees,Company - Private,Health Care Services & Hospitals,Health Care,$500 million to $1 billion (USD),107.5,0,0,0,0,0,Glen Burnie,0,MD,39.045755,-76.641271,Maryland
311,Sr. Data Analyst,3.7,201 to 500 employees,Company - Private,Health Care Services & Hospitals,Health Care,$500 million to $1 billion (USD),69.5,0,0,0,0,1,Philadelphia,1,PA,41.203322,-77.194525,Pennsylvania
312,"Principal Scientist, Chemistry & Immunology",3.3,10000+ employees,Hospital,Health Care Services & Hospitals,Health Care,$500 million to $1 billion (USD),84.5,0,0,0,0,0,Rochester,0,NY,43.299428,-74.217933,New York
313,"Principal Scientist, Hematology",3.3,10000+ employees,Hospital,Health Care Services & Hospitals,Health Care,$500 million to $1 billion (USD),84.5,0,0,0,0,0,Rochester,0,NY,43.299428,-74.217933,New York
314,Analytics Manager - Data Mart,3.5,501 to 1000 employees,Nonprofit Organization,Health Care Services & Hospitals,Health Care,$500 million to $1 billion (USD),64.0,0,0,0,0,0,Scotts Valley,0,CA,36.778261,-119.417932,California
315,Research Scientist,3.3,10000+ employees,Hospital,Health Care Services & Hospitals,Health Care,$500 million to $1 billion (USD),61.0,0,0,0,0,0,Rochester,0,NY,43.299428,-74.217933,New York
316,Data Scientist,4.4,10000+ employees,Company - Private,IT Services,Information Technology,$500 million to $1 billion (USD),113.5,1,0,0,0,1,San Jose,2,CA,36.778261,-119.417932,California
317,"Data Scientist (Actuary, FSA or ASA)",3.8,501 to 1000 employees,Company - Private,Insurance Carriers,Insurance,$500 million to $1 billion (USD),107.0,1,0,0,0,1,Frederick,2,MD,39.045755,-76.641271,Maryland
318,Associate Data Analyst- Graduate Development Program,3.3,501 to 1000 employees,Company - Private,Insurance Carriers,Insurance,$500 million to $1 billion (USD),45.5,0,0,0,0,0,Richfield,0,OH,40.417287,-82.907123,Ohio
319,Data Engineer,2.8,501 to 1000 employees,Company - Private,Insurance Carriers,Insurance,$500 million to $1 billion (USD),83.0,0,0,0,0,0,San Diego,0,CA,36.778261,-119.417932,California
320,Data Engineer,4.0,501 to 1000 employees,Nonprofit Organization,Insurance Carriers,Insurance,$500 million to $1 billion (USD),99.0,1,0,0,1,0,Denver,2,CO,39.550051,-105.782067,Colorado
321,Data Scientist,4.0,501 to 1000 employees,Nonprofit Organization,Insurance Carriers,Insurance,$500 million to $1 billion (USD),87.5,1,0,0,0,1,Denver,2,CO,39.550051,-105.782067,Colorado
322,"VP, Data Science",3.2,1001 to 5000 employees,Company - Public,Lending,Finance,$500 million to $1 billion (USD),124.5,1,0,0,0,1,Phoenix,2,AZ,34.048928,-111.093731,Arizona
323,Data Engineer,3.2,1001 to 5000 employees,Company - Public,Lending,Finance,$500 million to $1 billion (USD),101.0,1,0,0,1,1,Agoura Hills,3,CA,36.778261,-119.417932,California
324,Data Scientist,3.6,1001 to 5000 employees,Company - Private,Real Estate,Real Estate,$500 million to $1 billion (USD),96.0,1,0,0,0,0,Detroit,1,MI,44.314844,-85.602364,Michigan
325,RESEARCH COMPUTER SCIENTIST - RESEARCH ENGINEER - SR. COMPUTER SCIENTIST - SOFTWARE DEVELOPMENT,3.9,1001 to 5000 employees,Nonprofit Organization,Research & Development,Business Services,$500 million to $1 billion (USD),71.5,1,0,0,1,1,San Antonio,3,TX,31.968599,-99.901813,Texas
326,RESEARCH SCIENTIST - BIOLOGICAL SAFETY,3.9,1001 to 5000 employees,Nonprofit Organization,Research & Development,Business Services,$500 million to $1 billion (USD),60.0,0,0,0,0,0,San Antonio,0,TX,31.968599,-99.901813,Texas
327,Senior Research Analytical Scientist-Non-Targeted Analysis,4.3,1001 to 5000 employees,Nonprofit Organization,Research & Development,Business Services,$500 million to $1 billion (USD),65.5,0,0,0,0,0,Durham,0,NC,35.759573,-79.0193,North Carolina
328,Machine Learning Engineer - Regulatory,3.7,501 to 1000 employees,Company - Public,Stock Exchanges,Finance,$500 million to $1 billion (USD),87.0,1,0,0,0,1,Lenexa,2,KS,39.011902,-98.484246,Kansas
329,Data Scientist,3.5,1001 to 5000 employees,Subsidiary or Business Segment,TV Broadcast & Cable Networks,Media,$500 million to $1 billion (USD),128.0,1,0,1,0,0,New York,2,NY,43.299428,-74.217933,New York
330,Data Scientist,3.5,1001 to 5000 employees,Company - Public,TV Broadcast & Cable Networks,Media,$500 million to $1 billion (USD),107.5,1,0,0,0,0,Cincinnati,1,OH,40.417287,-82.907123,Ohio
331,Data Scientist,4.0,1 to 50 employees,Company - Private,Accounting,Accounting & Legal,Less than $1 million (USD),113.5,1,0,1,0,0,Santa Clara,2,CA,36.778261,-119.417932,California
332,Data Scientist,3.9,1 to 50 employees,Company - Private,IT Services,Information Technology,Less than $1 million (USD),113.5,1,0,0,0,0,San Francisco,1,CA,36.778261,-119.417932,California
333,Data Scientist,4.0,1 to 50 employees,Company - Private,IT Services,Information Technology,Less than $1 million (USD),109.0,1,0,0,0,0,San Francisco,1,CA,36.778261,-119.417932,California
334,Data Analyst,4.1,201 to 500 employees,Company - Private,Advertising & Marketing,Business Services,Unknown / Non-Applicable,65.5,1,0,1,1,1,Seattle,4,WA,47.751074,-120.740139,Washington
335,Data Scientist,3.6,1001 to 5000 employees,Company - Private,Advertising & Marketing,Business Services,Unknown / Non-Applicable,114.0,1,0,0,1,1,Fort Lee,3,NJ,40.058324,-74.405661,New Jersey
336,Director Data Science,3.6,1001 to 5000 employees,Company - Private,Advertising & Marketing,Business Services,Unknown / Non-Applicable,161.5,1,0,0,1,1,Fort Lee,3,NJ,40.058324,-74.405661,New Jersey
337,Staff BI and Data Engineer,2.9,51 to 200 employees,Company - Private,Advertising & Marketing,Business Services,Unknown / Non-Applicable,114.0,1,0,1,0,0,San Jose,2,CA,36.778261,-119.417932,California
338,Data Scientist,3.5,201 to 500 employees,Company - Public,Advertising & Marketing,Business Services,Unknown / Non-Applicable,104.5,1,0,1,1,1,New York,4,NY,43.299428,-74.217933,New York
339,Data Scientist,4.3,1 to 50 employees,Company - Private,Advertising & Marketing,Business Services,Unknown / Non-Applicable,83.5,1,0,0,0,1,Austin,2,TX,31.968599,-99.901813,Texas
340,Data Scientist,2.9,51 to 200 employees,Company - Private,Advertising & Marketing,Business Services,Unknown / Non-Applicable,114.5,1,0,0,0,1,New York,2,NY,43.299428,-74.217933,New York
341,Analytics Manager,4.3,201 to 500 employees,Company - Private,Advertising & Marketing,Business Services,Unknown / Non-Applicable,87.5,0,0,0,0,1,Dearborn,1,MI,44.314844,-85.602364,Michigan
342,Data Scientist,3.3,201 to 500 employees,Company - Private,Advertising & Marketing,Business Services,Unknown / Non-Applicable,164.5,0,0,0,0,0,San Francisco,0,CA,36.778261,-119.417932,California
343,Data Scientist,3.8,501 to 1000 employees,Subsidiary or Business Segment,Advertising & Marketing,Business Services,Unknown / Non-Applicable,91.0,1,0,0,0,1,Fort Lauderdale,2,FL,27.664827,-81.515754,Florida
344,Machine Learning Engineer,4.3,1 to 50 employees,Company - Private,Aerospace & Defense,Aerospace & Defense,Unknown / Non-Applicable,100.5,1,0,1,1,1,Aurora,4,CO,39.550051,-105.782067,Colorado
345,Data Scientist,4.1,501 to 1000 employees,Company - Private,Banks & Credit Unions,Finance,Unknown / Non-Applicable,73.5,0,0,0,0,1,Baltimore,1,MD,39.045755,-76.641271,Maryland
346,Marketing Data Analyst,3.9,501 to 1000 employees,Nonprofit Organization,Banks & Credit Unions,Finance,Unknown / Non-Applicable,49.0,1,0,0,0,0,Exton,1,PA,41.203322,-77.194525,Pennsylvania
347,Data Analyst Chemist - Quality System Contractor,2.2,501 to 1000 employees,Company - Private,Beauty & Personal Accessories Stores,Retail,Unknown / Non-Applicable,85.5,0,0,0,0,1,San Francisco,1,CA,36.778261,-119.417932,California
348,"Associate Scientist / Sr. Associate Scientist, Antibody Discovery",4.0,501 to 1000 employees,Company - Private,Biotech & Pharmaceuticals,Biotech & Pharmaceuticals,Unknown / Non-Applicable,92.0,0,0,0,1,1,South San Francisco,2,CA,36.778261,-119.417932,California
349,"Scientist, Molecular/Cellular Biologist",2.9,201 to 500 employees,Subsidiary or Business Segment,Biotech & Pharmaceuticals,Biotech & Pharmaceuticals,Unknown / Non-Applicable,73.0,0,0,0,0,0,South San Francisco,0,CA,36.778261,-119.417932,California
350,Data Engineer,3.5,501 to 1000 employees,Company - Private,Biotech & Pharmaceuticals,Biotech & Pharmaceuticals,Unknown / Non-Applicable,68.5,1,0,1,0,0,Phoenix,2,AZ,34.048928,-111.093731,Arizona
351,Sr. Scientist Method Development,2.9,1001 to 5000 employees,Company - Private,Biotech & Pharmaceuticals,Biotech & Pharmaceuticals,Unknown / Non-Applicable,80.0,0,0,0,0,1,Marietta,1,GA,32.157435,-82.907123,Georgia
352,"Associate Director/Director, Safety Scientist",4.4,201 to 500 employees,Company - Public,Biotech & Pharmaceuticals,Biotech & Pharmaceuticals,Unknown / Non-Applicable,140.0,0,0,0,0,1,Cambridge,1,MA,42.407211,-71.382437,Massachusetts
353,PV Scientist,2.9,201 to 500 employees,Company - Public,Biotech & Pharmaceuticals,Biotech & Pharmaceuticals,Unknown / Non-Applicable,91.5,0,0,0,0,1,Newton,1,MA,42.407211,-71.382437,Massachusetts
354,"Associate Scientist, LC/MS Biologics",2.9,1001 to 5000 employees,Company - Private,Biotech & Pharmaceuticals,Biotech & Pharmaceuticals,Unknown / Non-Applicable,70.0,0,0,0,0,1,Ithaca,1,NY,43.299428,-74.217933,New York
355,Associate Research Scientist I (Protein Expression and Production),3.0,501 to 1000 employees,Company - Public,Biotech & Pharmaceuticals,Biotech & Pharmaceuticals,Unknown / Non-Applicable,87.5,0,0,0,0,1,Alameda,1,CA,36.778261,-119.417932,California
356,Data Scientist,2.5,1 to 50 employees,Company - Private,Biotech & Pharmaceuticals,Biotech & Pharmaceuticals,Unknown / Non-Applicable,143.5,1,0,0,0,1,Brisbane,2,CA,36.778261,-119.417932,California
357,Senior Data & Machine Learning Scientist,3.0,501 to 1000 employees,Company - Private,Biotech & Pharmaceuticals,Biotech & Pharmaceuticals,Unknown / Non-Applicable,133.0,1,0,0,1,0,Chicago,2,IL,40.633125,-89.398528,Illinois
358,Senior Formulations Scientist II,3.0,501 to 1000 employees,Company - Public,Biotech & Pharmaceuticals,Biotech & Pharmaceuticals,Unknown / Non-Applicable,100.0,0,0,0,0,1,Alameda,1,CA,36.778261,-119.417932,California
359,Data Scientist,4.7,201 to 500 employees,Company - Private,Biotech & Pharmaceuticals,Biotech & Pharmaceuticals,Unknown / Non-Applicable,112.5,1,0,0,0,1,Ipswich,2,MA,42.407211,-71.382437,Massachusetts
360,"Project Scientist - Auton Lab, Robotics Institute",2.6,501 to 1000 employees,College / University,Colleges & Universities,Education,Unknown / Non-Applicable,73.5,0,0,0,0,1,Pittsburgh,1,PA,41.203322,-77.194525,Pennsylvania
361,Machine Learning Research Scientist,2.6,501 to 1000 employees,College / University,Colleges & Universities,Education,Unknown / Non-Applicable,120.0,1,0,0,0,0,Pittsburgh,1,PA,41.203322,-77.194525,Pennsylvania
362,Senior Research Scientist-Machine Learning,2.6,501 to 1000 employees,College / University,Colleges & Universities,Education,Unknown / Non-Applicable,124.0,0,0,0,0,0,Pittsburgh,0,PA,41.203322,-77.194525,Pennsylvania
363,Data Scientist,2.6,10000+ employees,Company - Private,Colleges & Universities,Education,Unknown / Non-Applicable,121.0,1,0,0,0,0,Irvine,1,CA,36.778261,-119.417932,California
364,Geospatial Software Developer and Data Scientist,3.7,501 to 1000 employees,College / University,Colleges & Universities,Education,Unknown / Non-Applicable,105.5,1,0,0,1,0,Austin,2,TX,31.968599,-99.901813,Texas
365,Senior Research Scientist - Embedded System Development for DevOps,2.6,501 to 1000 employees,College / University,Colleges & Universities,Education,Unknown / Non-Applicable,124.0,1,0,0,0,1,Pittsburgh,2,PA,41.203322,-77.194525,Pennsylvania
366,"Research Scientist, Machine Learning Department",2.6,501 to 1000 employees,College / University,Colleges & Universities,Education,Unknown / Non-Applicable,107.5,1,0,0,0,0,Pittsburgh,1,PA,41.203322,-77.194525,Pennsylvania
367,Data Scientist,4.7,51 to 200 employees,Company - Private,Computer Hardware & Software,Information Technology,Unknown / Non-Applicable,85.5,1,0,1,0,1,Santa Barbara,3,CA,36.778261,-119.417932,California
368,Software Data Engineer - College,4.0,10000+ employees,Company - Public,Computer Hardware & Software,Information Technology,Unknown / Non-Applicable,73.0,0,0,0,0,0,Corvallis,0,OR,43.804133,-120.554201,Oregon
369,Staff Data Engineer,3.8,501 to 1000 employees,Company - Private,Computer Hardware & Software,Information Technology,Unknown / Non-Applicable,149.5,0,0,1,1,0,Austin,2,TX,31.968599,-99.901813,Texas
370,Principal Machine Learning Scientist,4.7,501 to 1000 employees,Subsidiary or Business Segment,Computer Hardware & Software,Information Technology,Unknown / Non-Applicable,232.5,1,0,0,0,0,San Francisco,1,CA,36.778261,-119.417932,California
371,Data Engineer,3.7,501 to 1000 employees,Company - Private,Computer Hardware & Software,Information Technology,Unknown / Non-Applicable,70.5,0,0,0,0,1,Lafayette,1,LA,31.244823,-92.145024,Louisiana
372,R&D Sr Data Scientist,4.0,10000+ employees,Company - Public,Computer Hardware & Software,Information Technology,Unknown / Non-Applicable,128.0,0,0,1,1,0,Vancouver,2,WA,47.751074,-120.740139,Washington
373,Senior Data Scientist,4.3,51 to 200 employees,Company - Private,Computer Hardware & Software,Information Technology,Unknown / Non-Applicable,153.0,1,0,1,0,1,Los Angeles,3,CA,36.778261,-119.417932,California
374,Senior Data Analyst,3.9,51 to 200 employees,Company - Public,Computer Hardware & Software,Information Technology,Unknown / Non-Applicable,138.5,1,0,0,0,0,San Francisco,1,CA,36.778261,-119.417932,California
375,Machine Learning Engineer,3.2,1001 to 5000 employees,Company - Private,Computer Hardware & Software,Information Technology,Unknown / Non-Applicable,125.0,1,0,0,1,1,New York,3,NY,43.299428,-74.217933,New York
376,Financial Data Analyst,4.7,201 to 500 employees,Company - Private,Computer Hardware & Software,Information Technology,Unknown / Non-Applicable,56.5,0,0,0,0,1,Matawan,1,NJ,40.058324,-74.405661,New Jersey
377,Senior LiDAR Data Scientist,3.9,201 to 500 employees,Company - Private,Computer Hardware & Software,Information Technology,Unknown / Non-Applicable,122.0,1,0,0,1,0,Orlando,2,FL,27.664827,-81.515754,Florida
378,R&D Data Analysis Scientist,4.0,10000+ employees,Company - Public,Computer Hardware & Software,Information Technology,Unknown / Non-Applicable,97.5,0,0,0,0,0,Vancouver,0,WA,47.751074,-120.740139,Washington
379,Senior Data Scientist,5.0,51 to 200 employees,Company - Private,Computer Hardware & Software,Information Technology,Unknown / Non-Applicable,130.0,0,0,0,0,1,Ann Arbor,1,MI,44.314844,-85.602364,Michigan
380,ENVIRONMENTAL ENGINEER/SCIENTIST,3.3,1 to 50 employees,Company - Private,Construction,"Construction, Repair & Maintenance",Unknown / Non-Applicable,26.5,0,0,0,0,1,Cambridge,1,MA,42.407211,-71.382437,Massachusetts
381,Senior Data Scientist,4.2,1001 to 5000 employees,Company - Private,Consulting,Business Services,Unknown / Non-Applicable,237.5,1,0,0,0,1,Washington,2,DC,38.905985,-77.033418,District of Columbia
382,Senior Data Scientist,4.2,1001 to 5000 employees,Company - Private,Consulting,Business Services,Unknown / Non-Applicable,237.5,1,0,0,0,1,Washington,2,DC,38.942142,-77.025955,District of Columbia
383,Data Scientist,4.3,201 to 500 employees,Subsidiary or Business Segment,Consulting,Business Services,Unknown / Non-Applicable,72.5,1,0,1,1,1,Dallas,4,TX,31.968599,-99.901813,Texas
384,Survey Data Analyst,4.2,201 to 500 employees,Company - Private,Consulting,Business Services,Unknown / Non-Applicable,76.0,1,0,0,0,1,Minneapolis,2,MN,46.729553,-94.6859,Minnesota
385,Senior Spark Engineer (Data Science),4.4,51 to 200 employees,Company - Private,Consulting,Business Services,Unknown / Non-Applicable,106.5,1,0,1,1,0,Indianapolis,3,IN,40.551217,-85.602364,Indiana
386,Data Scientist,4.0,501 to 1000 employees,Company - Private,Consumer Product Rental,Consumer Services,Unknown / Non-Applicable,97.5,1,0,0,0,1,New York,2,NY,43.299428,-74.217933,New York
387,Data Engineer - ETL,3.8,501 to 1000 employees,Subsidiary or Business Segment,Consumer Product Rental,Consumer Services,Unknown / Non-Applicable,65.0,1,0,1,1,1,Birmingham,4,AL,32.318231,-86.902298,Alabama
388,Data Scientist,4.2,51 to 200 employees,Company - Private,Education Training Services,Education,Unknown / Non-Applicable,75.5,1,0,0,1,0,New York,2,NY,43.299428,-74.217933,New York
389,"Data Scientist, Rice University",4.3,1001 to 5000 employees,Subsidiary or Business Segment,Education Training Services,Education,Unknown / Non-Applicable,87.5,1,0,0,0,0,Houston,1,TX,31.968599,-99.901813,Texas
390,Data Scientist - Health Data Analytics,4.2,51 to 200 employees,Company - Private,Enterprise Software & Network Solutions,Information Technology,Unknown / Non-Applicable,142.5,0,0,0,0,0,San Francisco,0,CA,36.778261,-119.417932,California
391,Customer Data Scientist,4.3,201 to 500 employees,Company - Private,Enterprise Software & Network Solutions,Information Technology,Unknown / Non-Applicable,153.5,1,0,1,1,1,Mountain View,4,CA,36.778261,-119.417932,California
392,Principal Data Scientist,3.2,501 to 1000 employees,Subsidiary or Business Segment,Enterprise Software & Network Solutions,Information Technology,Unknown / Non-Applicable,194.0,0,0,0,1,1,San Francisco,2,CA,36.778261,-119.417932,California
393,System and Data Analyst,3.7,201 to 500 employees,Company - Private,Enterprise Software & Network Solutions,Information Technology,Unknown / Non-Applicable,59.0,0,0,0,0,1,Cherry Hill,1,NJ,40.058324,-74.405661,New Jersey
394,Analytics Consultant,4.4,1 to 50 employees,Company - Private,Enterprise Software & Network Solutions,Information Technology,Unknown / Non-Applicable,66.5,1,0,0,0,0,Indianapolis,1,IN,40.551217,-85.602364,Indiana
395,Sr. Data Engineer | Big Data SaaS Pipeline,2.7,1 to 50 employees,Company - Private,Enterprise Software & Network Solutions,Information Technology,Unknown / Non-Applicable,103.0,0,0,1,1,0,Los Angeles,2,CA,36.778261,-119.417932,California
396,Data Scientist,4.1,501 to 1000 employees,Company - Private,Enterprise Software & Network Solutions,Information Technology,Unknown / Non-Applicable,154.5,1,0,1,0,1,Santa Clara,3,CA,36.778261,-119.417932,California
397,Data Engineer,4.4,1 to 50 employees,Company - Private,Enterprise Software & Network Solutions,Information Technology,Unknown / Non-Applicable,109.0,1,0,1,0,0,Herndon,2,VA,37.431573,-78.656894,Virginia
398,Data Scientist - Algorithms & Inference,4.2,51 to 200 employees,Company - Private,Enterprise Software & Network Solutions,Information Technology,Unknown / Non-Applicable,142.5,0,0,0,0,0,San Francisco,0,CA,36.778261,-119.417932,California
399,Data Scientist,3.2,51 to 200 employees,Company - Private,Enterprise Software & Network Solutions,Information Technology,Unknown / Non-Applicable,132.5,0,0,1,0,1,San Francisco,2,CA,36.778261,-119.417932,California
400,Big Data Engineer,4.4,1 to 50 employees,Company - Private,Enterprise Software & Network Solutions,Information Technology,Unknown / Non-Applicable,90.5,1,0,1,0,0,Indianapolis,2,IN,40.551217,-85.602364,Indiana
401,Data Scientist,4.4,201 to 500 employees,Company - Private,Enterprise Software & Network Solutions,Information Technology,Unknown / Non-Applicable,100.5,1,0,0,0,1,Cambridge,2,MA,42.407211,-71.382437,Massachusetts
402,Data Scientist,4.1,501 to 1000 employees,Company - Private,Enterprise Software & Network Solutions,Information Technology,Unknown / Non-Applicable,154.5,1,0,1,0,1,San Francisco,3,CA,36.778261,-119.417932,California
403,Customer Data Scientist/Sales Engineer (Bay,4.3,201 to 500 employees,Company - Private,Enterprise Software & Network Solutions,Information Technology,Unknown / Non-Applicable,150.5,1,0,1,1,1,Mountain View,4,CA,36.778261,-119.417932,California
404,Data Analyst,3.4,51 to 200 employees,Company - Private,Enterprise Software & Network Solutions,Information Technology,Unknown / Non-Applicable,69.0,1,0,0,0,1,San Francisco,2,CA,36.778261,-119.417932,California
405,E-Commerce Data Analyst,3.5,51 to 200 employees,Company - Private,Enterprise Software & Network Solutions,Information Technology,Unknown / Non-Applicable,48.0,0,0,0,0,1,New Orleans,1,LA,31.244823,-92.145024,Louisiana
406,Senior Data Scientist - Algorithms,3.9,201 to 500 employees,Company - Private,Enterprise Software & Network Solutions,Information Technology,Unknown / Non-Applicable,165.0,1,0,0,0,0,New York,1,NY,43.299428,-74.217933,New York
407,Customer Data Scientist/Sales Engineer,4.3,201 to 500 employees,Company - Private,Enterprise Software & Network Solutions,Information Technology,Unknown / Non-Applicable,137.5,1,0,1,1,1,Chicago,4,IL,40.633125,-89.398528,Illinois
408,Data Scientist,3.5,51 to 200 employees,Company - Private,Enterprise Software & Network Solutions,Information Technology,Unknown / Non-Applicable,120.5,1,0,0,0,0,San Francisco,1,CA,36.778261,-119.417932,California
409,Medical Technologist / Clinical Laboratory Scientist,3.4,10000+ employees,Government,Federal Agencies,Government,Unknown / Non-Applicable,20.0,0,0,0,0,0,New Orleans,0,LA,31.244823,-92.145024,Louisiana
410,Food Scientist - Developer,3.3,501 to 1000 employees,Company - Private,Food & Beverage Manufacturing,Manufacturing,Unknown / Non-Applicable,54.0,0,0,0,0,0,Milwaukee,0,WI,43.78444,-88.787868,Wisconsin
411,Data Scientist,3.4,201 to 500 employees,Company - Private,Health Care Services & Hospitals,Health Care,Unknown / Non-Applicable,95.0,1,0,1,1,0,New York,3,NY,43.299428,-74.217933,New York
412,Data Scientist II,3.0,1001 to 5000 employees,Nonprofit Organization,Health Care Services & Hospitals,Health Care,Unknown / Non-Applicable,119.5,1,0,1,0,0,Los Angeles,2,CA,36.778261,-119.417932,California
413,Junior Data Analyst,3.3,501 to 1000 employees,Nonprofit Organization,Health Care Services & Hospitals,Health Care,Unknown / Non-Applicable,50.0,0,0,0,0,1,Washington,1,DC,38.905985,-77.033418,District of Columbia
414,Junior Data Analyst,3.3,501 to 1000 employees,Nonprofit Organization,Health Care Services & Hospitals,Health Care,Unknown / Non-Applicable,50.0,0,0,0,0,1,Washington,1,DC,38.942142,-77.025955,District of Columbia
415,Research Scientist,2.9,1001 to 5000 employees,Hospital,Health Care Services & Hospitals,Health Care,Unknown / Non-Applicable,61.5,0,0,0,0,1,Omaha,1,NE,41.492537,-99.901813,Nebraska
416,Sr Data Engineer (Sr BI Developer),3.4,501 to 1000 employees,Company - Public,Health Care Services & Hospitals,Health Care,Unknown / Non-Applicable,100.0,0,0,0,0,0,Chandler,0,AZ,34.048928,-111.093731,Arizona
417,Medical Lab Scientist,3.6,5001 to 10000 employees,Nonprofit Organization,Health Care Services & Hospitals,Health Care,Unknown / Non-Applicable,20.5,0,0,0,0,0,West Reading,0,PA,41.203322,-77.194525,Pennsylvania
418,Data Scientist,2.8,201 to 500 employees,Company - Private,Health Care Services & Hospitals,Health Care,Unknown / Non-Applicable,107.5,1,0,0,0,0,Rockville,1,MD,39.045755,-76.641271,Maryland
419,Senior Data Engineer,3.2,1001 to 5000 employees,Company - Private,Health Care Services & Hospitals,Health Care,Unknown / Non-Applicable,109.0,0,0,0,1,1,Franklin,2,TN,35.517491,-86.580447,Tennessee
420,Data Science Manager,4.2,501 to 1000 employees,Company - Private,Health Care Services & Hospitals,Health Care,Unknown / Non-Applicable,221.5,1,0,0,0,1,San Francisco,2,CA,36.778261,-119.417932,California
421,Data Engineer,3.5,501 to 1000 employees,Company - Private,Health Care Services & Hospitals,Health Care,Unknown / Non-Applicable,94.5,1,0,1,1,1,Orange,4,CA,36.778261,-119.417932,California
422,Web Data Analyst,4.2,201 to 500 employees,Company - Private,IT Services,Information Technology,Unknown / Non-Applicable,106.0,1,0,0,0,1,San Jose,2,CA,36.778261,-119.417932,California
423,Data Scientist,4.7,51 to 200 employees,Company - Private,IT Services,Information Technology,Unknown / Non-Applicable,143.5,1,0,1,0,0,Saint Louis,2,MO,37.964253,-91.831833,Missouri
424,Lead Data Scientist,4.1,1 to 50 employees,Company - Private,IT Services,Information Technology,Unknown / Non-Applicable,133.0,1,0,0,0,0,Silver Spring,1,MD,39.045755,-76.641271,Maryland
425,Senior Data Analyst,2.8,201 to 500 employees,Company - Private,IT Services,Information Technology,Unknown / Non-Applicable,77.5,1,0,0,0,1,Hamilton,2,NJ,40.058324,-74.405661,New Jersey
426,Data Engineer - Consultant (Charlotte Based),4.2,201 to 500 employees,Company - Private,IT Services,Information Technology,Unknown / Non-Applicable,85.5,1,0,0,0,1,Charlotte,2,NC,35.759573,-79.0193,North Carolina
427,Data Scientist,3.5,10000+ employees,Company - Public,IT Services,Information Technology,Unknown / Non-Applicable,90.0,1,0,0,0,1,San Ramon,2,CA,36.778261,-119.417932,California
428,Data Scientist,4.8,1 to 50 employees,Company - Private,IT Services,Information Technology,Unknown / Non-Applicable,145.5,1,0,0,0,1,New York,2,NY,43.299428,-74.217933,New York
429,Data Scientist,2.7,10000+ employees,Company - Public,IT Services,Information Technology,Unknown / Non-Applicable,153.0,1,0,1,1,0,Emeryville,3,CA,36.778261,-119.417932,California
430,Data Engineer,4.4,51 to 200 employees,Company - Private,IT Services,Information Technology,Unknown / Non-Applicable,85.0,1,0,1,1,0,Chantilly,3,VA,37.431573,-78.656894,Virginia
431,Data Engineer,5.0,51 to 200 employees,Company - Private,IT Services,Information Technology,Unknown / Non-Applicable,132.5,0,0,0,0,0,Tampa,0,FL,27.664827,-81.515754,Florida
432,Senior Data Scientist / Machine Learning,3.9,201 to 500 employees,Company - Private,Insurance Agencies & Brokerages,Insurance,Unknown / Non-Applicable,96.0,0,0,0,0,1,Dallas,1,TX,31.968599,-99.901813,Texas
433,Senior Data Scientist,3.5,1001 to 5000 employees,Company - Public,Insurance Carriers,Insurance,Unknown / Non-Applicable,124.5,1,0,1,0,1,Charlotte,3,NC,35.759573,-79.0193,North Carolina
434,Lead Health Data Analyst - Front End,3.4,501 to 1000 employees,Nonprofit Organization,Insurance Carriers,Insurance,Unknown / Non-Applicable,100.0,0,0,0,1,0,Providence,1,RI,41.580095,-71.477429,Rhode Island
435,Lead Big Data Engineer,4.0,1001 to 5000 employees,Company - Private,Internet,Information Technology,Unknown / Non-Applicable,162.0,1,0,1,1,1,San Francisco,4,CA,36.778261,-119.417932,California
436,Data Engineer,3.9,51 to 200 employees,Company - Private,Internet,Information Technology,Unknown / Non-Applicable,84.5,1,0,1,0,0,Cambridge,2,MA,42.407211,-71.382437,Massachusetts
437,Data Engineer,4.0,51 to 200 employees,Company - Private,Internet,Information Technology,Unknown / Non-Applicable,122.0,1,0,1,1,0,Washington,3,DC,38.905985,-77.033418,District of Columbia
438,Data Engineer,4.0,51 to 200 employees,Company - Private,Internet,Information Technology,Unknown / Non-Applicable,122.0,1,0,1,1,0,Washington,3,DC,38.942142,-77.025955,District of Columbia
439,Data Scientist,3.2,201 to 500 employees,Company - Private,Internet,Information Technology,Unknown / Non-Applicable,105.5,1,0,1,0,0,Seattle,2,WA,47.751074,-120.740139,Washington
440,Senior Data Scientist,4.4,1 to 50 employees,Company - Private,Internet,Information Technology,Unknown / Non-Applicable,116.5,1,0,0,0,0,Palo Alto,1,CA,36.778261,-119.417932,California
441,Sr. Data Analyst,3.2,201 to 500 employees,Company - Private,Internet,Information Technology,Unknown / Non-Applicable,83.0,1,0,1,0,1,New York,3,NY,43.299428,-74.217933,New York
442,Data Engineer,3.4,201 to 500 employees,Company - Private,Internet,Information Technology,Unknown / Non-Applicable,78.0,1,0,0,0,0,Lyndhurst,1,NJ,40.058324,-74.405661,New Jersey
443,Data Scientist,3.4,501 to 1000 employees,Company - Private,Internet,Information Technology,Unknown / Non-Applicable,127.0,1,0,1,0,0,Palo Alto,2,CA,36.778261,-119.417932,California
444,Data Scientist - Alpha Insights,4.4,1001 to 5000 employees,Company - Private,Investment Banking & Asset Management,Finance,Unknown / Non-Applicable,172.0,0,0,0,0,0,New York,0,NY,43.299428,-74.217933,New York
445,Senior Data Scientist,4.1,1 to 50 employees,Company - Private,K-12 Education,Education,Unknown / Non-Applicable,169.0,0,0,0,1,1,Palo Alto,2,CA,36.778261,-119.417932,California
446,Machine Learning Engineer (NLP),4.1,1 to 50 employees,Company - Private,K-12 Education,Education,Unknown / Non-Applicable,111.0,1,0,0,1,1,Palo Alto,3,CA,36.778261,-119.417932,California
447,"Technology-Minded, Data Professional Opportunities",4.7,1001 to 5000 employees,Company - Private,Lending,Finance,Unknown / Non-Applicable,70.5,0,0,1,0,1,Columbia,2,MO,37.964253,-91.831833,Missouri
448,Data Scientist - Quantitative,3.8,501 to 1000 employees,Company - Private,Logistics & Supply Chain,Transportation & Logistics,Unknown / Non-Applicable,112.5,1,0,0,1,1,Chicago,3,IL,40.633125,-89.398528,Illinois
449,Senior Data Scientist,4.4,201 to 500 employees,Subsidiary or Business Segment,Metals Brokers,Mining & Metals,Unknown / Non-Applicable,107.0,1,0,0,1,0,Cincinnati,2,OH,40.417287,-82.907123,Ohio
450,Data Engineer I,3.6,1001 to 5000 employees,Subsidiary or Business Segment,Motion Picture Production & Distribution,Media,Unknown / Non-Applicable,146.0,0,0,0,0,1,Newark,1,NJ,40.058324,-74.405661,New Jersey
451,Data Analyst - Asset Management,4.3,51 to 200 employees,Company - Private,Real Estate,Real Estate,Unknown / Non-Applicable,103.5,0,0,0,0,1,San Francisco,1,CA,36.778261,-119.417932,California
452,Data Analyst 2 (Missionary Department),4.2,10000+ employees,Nonprofit Organization,Religious Organizations,Non-Profit,Unknown / Non-Applicable,72.0,0,0,0,0,0,Salt Lake City,0,UT,39.32098,-111.093731,Utah
453,"Data Analyst 1, full-time contract worker for up to 12 months",4.2,10000+ employees,Nonprofit Organization,Religious Organizations,Non-Profit,Unknown / Non-Applicable,50.0,0,0,0,1,1,Salt Lake City,2,UT,39.32098,-111.093731,Utah
454,Data Engineer 4 - Contract,4.2,10000+ employees,Nonprofit Organization,Religious Organizations,Non-Profit,Unknown / Non-Applicable,87.0,0,0,0,1,1,Riverton,2,UT,39.32098,-111.093731,Utah
455,Data Engineer 5 - Contract (Remote),4.2,10000+ employees,Nonprofit Organization,Religious Organizations,Non-Profit,Unknown / Non-Applicable,107.0,0,0,0,0,1,Riverton,1,UT,39.32098,-111.093731,Utah
456,Data Engineer,3.2,501 to 1000 employees,Company - Private,Research & Development,Business Services,Unknown / Non-Applicable,64.5,1,0,0,1,1,New York,3,NY,43.299428,-74.217933,New York
457,Associate Data Engineer,3.5,1001 to 5000 employees,Company - Private,Research & Development,Business Services,Unknown / Non-Applicable,65.5,0,0,1,1,1,Washington,3,DC,38.905985,-77.033418,District of Columbia
458,Associate Data Engineer,3.5,1001 to 5000 employees,Company - Private,Research & Development,Business Services,Unknown / Non-Applicable,65.5,0,0,1,1,1,Washington,3,DC,38.942142,-77.025955,District of Columbia
459,Data Scientist,3.8,51 to 200 employees,Company - Private,Research & Development,Business Services,Unknown / Non-Applicable,121.0,1,0,1,0,0,New York,2,NY,43.299428,-74.217933,New York
460,Data Scientist,4.7,501 to 1000 employees,Company - Private,Security Services,Business Services,Unknown / Non-Applicable,85.5,1,0,0,0,0,Syracuse,1,NY,43.299428,-74.217933,New York
461,Research Scientist,3.8,1001 to 5000 employees,Nonprofit Organization,Social Assistance,Non-Profit,Unknown / Non-Applicable,52.5,0,0,0,0,1,Omaha,1,NE,41.492537,-99.901813,Nebraska
462,Data Analytics Manager,3.8,501 to 1000 employees,Company - Private,Staffing & Outsourcing,Business Services,Unknown / Non-Applicable,40.5,1,0,0,1,1,Kansas City,3,MO,37.964253,-91.831833,Missouri
463,Sr. Data Scientist,3.7,201 to 500 employees,Company - Private,Travel Agencies,Travel & Tourism,Unknown / Non-Applicable,105.0,1,0,0,0,0,Denver,1,CO,39.550051,-105.782067,Colorado
464,Business Intelligence Analyst / Developer,4.3,1001 to 5000 employees,Company - Private,Trucking,Transportation & Logistics,Unknown / Non-Applicable,79.0,0,0,0,0,0,Dayton,0,OH,40.417287,-82.907123,Ohio
